age,income,purchase_amount,monthly_visits,satisfaction_score,gender,product_type,purchased
69.91966317029105,90276.13142374162,415.43075209143166,10.06062160253551,10.015357287453414,0.029842058998502053,1.9923488408904093,1.0
50.06634508804446,59415.00683096483,353.4857640150874,1.888795430882987,9.94718406661831,0.003422170687819516,0.979269399848282,1.0
43.7180013869167,74940.50831587592,403.9629677348084,7.989122308894894,4.005862965999206,0.004147191492412004,0.00020648160339577435,1.0
64.65318399144307,55949.198220876104,106.1633481544319,7.137168770173844,5.938462874878086,0.9882482010610192,-0.010019086874713898,1.0
78.0,26090.0,332.0,9.0,4.0,1.0,1.0,0.0
17.905828508584246,93358.12178936387,417.29589590957727,4.1039674372768875,1.1120392438895212,0.0009531056509372021,2.016111600431828,0.0
61.64754251043589,58047.549851583644,174.82780210497577,12.953414401049054,9.934622964811492,1.0140287490662214,1.9684585364448208,1.0
27.319207246866263,70583.56188559197,144.11485700762933,3.8056126312749163,9.94796120323363,0.9974513414659819,0.9769204117522415,1.0
42.70565063162552,63410.54075140878,449.5015463982104,3.0271107873253325,10.02262552446051,1.0019403915606377,0.9838155692875583,1.0
18.0,40358.0,51.0,4.0,4.0,1.0,0.0,0.0
22.390972164288335,47513.61980599641,486.23684512098265,4.01528751543693,4.099393904321399,0.9936466636283114,0.007425050326318353,1.0
49.75578947368421,58971.67578947369,251.50315789473683,19.0,2.0,0.0,1.0,0.0
17.72129897500404,40729.36503567732,54.2535716650415,3.9005303387507193,4.005639388828764,1.0019056834119866,0.015719054505272095,0.0
66.48636790053077,67620.57533021767,431.0401767800265,4.020280478904442,2.9235369057256815,0.019865749525797997,1.9824794147791152,0.0
61.39389411260259,75754.98821208118,479.3429691663385,12.113077420915326,0.9758180547019755,-0.016389058055775493,1.9787178996992982,1.0
79.4404458663362,74754.44778188977,488.2031898791189,17.969227691004633,3.0038393275409674,0.0028722754406541773,-0.00668041266300283,1.0
49.75578947368421,49703.0,191.0,10.0,2.0,1.0,2.0,0.0
40.81292327159948,94024.06255850314,442.3431813324279,14.93829878966908,0.9973063076049077,0.004575251290397863,1.0169652219447753,1.0
70.97881939608808,50409.043486795505,101.20789838015517,1.077287640075462,8.02238423573913,0.9919596797690698,0.0007599389058023046,1.0
50.0,58971.67578947369,260.0,18.0,1.0,0.0,0.0,1.0
67.37266641172612,92342.51822674014,130.77497900690446,1.1277769312483408,8.008592307491957,0.020877060378556092,2.019777830052647,1.0
54.0,67280.0,166.0,15.0,7.0,1.0,1.0,1.0
49.75578947368421,35254.0,28.0,8.0,4.0,1.0,2.0,0.0
19.133682710084212,30987.693034567026,251.83148089826165,7.160718544720146,7.0685956641583445,1.0060663651596813,2.0074208347088436,1.0
49.0,21542.0,270.0,3.0,4.0,1.0,2.0,1.0
56.0,64482.0,32.0,5.0,1.0,0.0,0.0,1.0
79.0,85417.0,251.50315789473683,13.0,7.0,0.0,1.0,0.0
19.769933267646415,43953.24285130044,163.12032866531328,19.07551390140958,4.978566074329724,-0.0012266564585563199,2.0252779439168256,0.0
42.00186583893171,25581.967934475197,488.2432695696563,6.122173125028015,9.969732439669052,-0.0056963190962527445,0.003229245687503473,0.0
49.66556736832717,19989.852712350126,171.60388792709452,6.996952472669604,8.987021747383617,-0.029900807949433214,0.9867024170687309,0.0
28.0,65106.0,485.0,2.0,6.0,1.0,0.0,0.6189473684210526
41.0,46092.0,305.0,1.0,3.0,0.0,0.0,1.0
42.676417299167944,24212.69815355384,282.2468970047406,6.850212918866406,2.0434405025707205,0.007887783337153557,-0.010112645112904524,0.0
64.0,47285.0,459.0,9.0,7.0,1.0,1.0,0.0
22.0,39758.0,433.0,16.0,5.0,1.0,2.0,1.0
49.0,31174.0,303.0,9.0,5.0,1.0,2.0,1.0
31.974085659383224,73928.90340534484,297.3855584828169,13.020949439641898,1.985236492621486,-0.015350304230634052,2.0147633714233026,0.0
49.4681073176898,74422.0471110292,111.04471222853022,17.0446583851625,2.9695189055241005,1.0109608243495427,0.9969299351451383,1.0
51.78672744195439,34210.54919585418,65.46791215574237,14.965234921378304,7.009789887296317,-0.00424086676550741,2.009412113151313,0.0
26.0,71990.0,99.0,9.0,5.0,0.0,2.0,0.0
77.0,67926.0,170.0,11.0,4.0,0.0,1.0,0.0
35.0,46646.0,78.0,8.0,8.0,0.0,1.0,1.0
69.0,58971.67578947369,427.0,18.0,10.0,1.0,1.0,0.0
63.585320473368995,24430.7088826754,262.85305904168166,12.99805160750431,9.01682125969355,1.0091104122290413,1.988155305925298,1.0
49.0,76178.0,163.0,13.0,7.0,1.0,1.0,0.0
66.0,41447.0,355.0,11.0,10.0,1.0,0.0,0.0
20.229640833197937,57207.133130645576,98.142121960407,1.216001909099013,8.915228503811765,1.0009172011714158,1.9706613080816056,1.0
78.85032391978234,85000.97449424717,243.5809988155871,13.143184230620385,6.9500568968709455,0.006194928318259996,1.0141332870358715,0.0
68.0,39262.0,407.0,17.0,4.0,1.0,1.0,1.0
23.885642914796165,88721.60272976093,57.17265135145853,2.0113057709998525,5.428018934302397,1.0162538532968362,0.9975391127482147,1.0
70.12859355545612,23351.309264419928,398.8716576263387,3.08271738134185,1.0534503221024971,1.0003822450583304,-0.020968609186238128,0.0
64.71238734284917,85751.13153700005,126.99470438266859,2.916073994837482,6.014410724220758,-0.0018726293479189875,1.9879693624040307,1.0
71.0,50354.0,101.0,1.0,8.0,1.0,0.0,1.0
78.03265076920212,86547.95085537042,255.60820259849893,1.923497175252151,8.992279399449338,0.002805374050499001,2.003865949283267,0.0
41.0,75766.0,15.0,8.0,4.0,0.0,0.0,0.0
49.75578947368421,70300.0,143.0,17.0,6.0,1.0,2.0,0.0
34.58415525327277,79602.42222988622,336.8423946729677,6.921705964553627,7.944946723806983,1.000819666310352,1.9875147594450644,1.0
36.0,25801.0,104.0,6.0,10.0,0.0,0.0,0.0
70.0,62348.0,429.0,14.0,8.0,0.0,1.0,0.0
26.034513579615236,66306.63057758649,188.15495516045848,17.986330460261787,4.024333482027917,-0.002787850131158289,1.00323997881134,1.0
70.0,58971.67578947369,445.0,17.0,9.0,1.0,1.0,1.0
20.0,48251.0,29.0,11.0,6.0,1.0,2.0,1.0
76.95884946139903,74260.01576570745,37.9505275061076,10.366693303695165,8.970983253916755,0.9978305950616689,0.9903108410296185,1.0
30.0,64261.0,145.0,10.0,9.0,0.0,2.0,1.0
49.698400001340666,80346.51695113661,471.0312246043891,15.949725474342317,6.934146867170239,0.9937587485913228,-0.012052612847739003,1.0
68.07617988525313,80078.28927631098,17.355072492465684,19.09073981591402,8.112078188649608,0.999607065787112,1.0376915750386568,1.0
40.4122571568924,91165.22369530775,44.1990872018429,0.7790229311003307,2.027584609822036,0.005970175354682778,-0.00758390767602321,0.0
18.07973768509567,57754.965263207676,437.92531359381866,12.107532816615079,6.970334746837192,0.9916171002748022,1.9913127704464426,0.0
70.0,23343.0,399.0,3.0,1.0,1.0,0.0,0.0
32.892859807405976,87062.34901959846,443.894667361319,6.9523964663970945,2.0084352995673442,0.9969162603428738,1.003703925941674,1.0
25.0,36364.0,85.0,7.0,7.0,0.0,0.0,1.0
20.0,95703.0,379.0,5.0,2.0,1.0,0.0,1.0
23.034542609360372,49156.28637995099,251.30730618510637,18.888343855919523,1.018090592934054,0.01237001606561983,1.9699680296112378,1.0
78.95917391710435,77221.73186729221,226.44314440975597,4.982418340870269,4.03235668472905,0.004631250969197908,1.0473843674492342,1.0
18.0,75284.0,466.0,13.0,7.0,1.0,1.0,1.0
54.0,67605.0,408.0,12.0,6.0,0.0,0.0,0.0
57.75803027094694,90518.69360238734,488.25224092847617,7.020243831575259,5.001156404014749,0.005106118976114047,-0.04802177214349409,1.0
76.0,39508.0,344.0,8.0,5.425263157894737,1.0,2.0,1.0
79.1826333334381,80016.78649001125,407.4629221057888,16.008971312217493,1.080417505535306,-0.0006350216520151019,1.0023719900629713,1.0
76.0,76570.0,303.0,2.0,1.0,1.0,1.0,0.0
22.967903923684357,59545.324936343626,425.9813400451979,11.955049616433925,1.0003764810741482,-0.0026335528007855862,0.008517879229596351,0.0
67.0,58971.67578947369,365.0,11.0,9.0,1.0,1.0,0.0
19.0,30975.0,110.0,7.0,3.0,0.0,2.0,0.0
75.0,58971.67578947369,342.0,8.0,5.0,0.0,2.0,0.0
33.0,26970.0,373.0,1.0,5.0,0.0,2.0,1.0
79.12226794377645,59901.43868548199,423.0387970015984,5.079782163492135,7.981845738679603,0.010210229844615542,1.0070288487884484,1.0
48.68843322190755,58713.99419825609,51.801129450654315,18.98301766075357,6.043759832710374,0.003340585306210736,0.9969744596381793,0.6189473684210526
38.887819352321024,59064.02148682058,340.1932209122972,2.9442491315090646,5.973975585600232,0.003675195982204401,0.012152051976227386,1.0
54.367376848848025,88116.3397789133,366.0231610351922,12.809351764831959,8.999330681748642,-0.0015078450090417006,0.01747950568580154,0.6189473684210526
37.0,60943.0,353.0,7.0,7.0,0.0,0.0,0.0
37.0,75393.0,175.0,14.0,7.0,0.0,0.0,0.0
22.0,93686.0,121.0,8.0,5.0,0.0,1.0,1.0
19.0240282167299,96130.06403134912,231.93338261686037,5.976413188131006,8.075334399954341,1.0036735202983689,1.9932034692643832,1.0
62.0,46962.0,251.50315789473683,15.0,5.0,1.0,0.0,0.0
71.20933791159811,25042.154421971998,381.389514244127,13.92166791520986,4.986073265473573,-0.012956594362417365,-0.0034966167076425293,0.0
55.0,63221.0,174.0,2.0,9.0,0.0,2.0,0.0
40.91012996260169,38158.482970765166,402.46325451819325,15.974374229162173,10.037660932948286,0.0025307592953611887,2.010992302918665,0.6189473684210526
19.0,98781.0,468.0,12.0,5.0,1.0,2.0,1.0
42.0,36896.0,302.0,8.0,9.0,1.0,1.0,1.0
20.412084686603368,21116.607906165566,204.43062560210106,11.886442191604711,8.939556747971086,1.0124645185249521,-3.971006834741987e-05,0.0
18.725009544751607,39116.53264177219,137.1577937139979,6.034573542430144,1.9758205185610438,0.006252873578483137,-0.027366461851465847,1.0
40.0,90080.0,336.0,17.0,4.0,0.0,1.0,0.0
55.5795019648385,62760.28120251423,173.3197524368767,2.0264252973598067,8.992720871248926,-0.006037675611532334,2.0094779275921884,0.0
59.0,54620.0,385.0,8.0,10.0,1.0,1.0,1.0
41.551505255811236,76711.42824566152,248.63707819788695,16.95796269843204,8.96824188998909,0.010711651464930683,1.0073181402064266,1.0
52.0924727694662,80581.13551633187,296.52659474215613,1.8893587832148342,1.9876421550763765,-0.010892486500746146,0.007140735137300221,0.0
20.36685530275003,48403.30600690672,27.49474428130079,10.976413730400026,5.925484336228106,0.9913201357369569,2.0286601536168902,1.0
33.57376521777684,38231.979162767995,253.34451822298374,6.02324884747381,2.0261329388323706,-0.011059032478675,-0.019355055422600888,1.0
57.0,61555.0,188.0,4.0,6.0,0.0,2.0,1.0
31.04115991526482,53518.18680772718,63.734683404166226,0.9353428537648675,3.018857106644475,1.0066841892498493,2.0034327778119776,0.0
76.78627779778199,73038.17116475881,14.678162435012585,9.949089585527219,5.436871188221225,0.02055818082823351,1.9915782868692349,1.0
23.74452349467011,95716.30907424528,35.33073327845238,11.932306556327344,8.092710164827622,-0.014046941413069487,0.004261614720815332,1.0
49.49392671496232,97212.41555333658,213.55092592368806,10.053434432430432,1.0475920542241026,-0.009597076220199974,1.9914888886899687,1.0
49.99844532200123,82800.47701101618,433.08658292366414,16.775902744140947,4.046448888349777,1.0048189666979688,-0.0008904770783650174,0.0
57.0,98832.0,282.0,17.0,5.0,0.0,1.0,1.0
72.0,43321.0,129.0,7.0,5.425263157894737,1.0,2.0,0.0
44.0,71934.0,251.50315789473683,7.0,3.0,1.0,2.0,0.0
78.09554245804371,93079.43835261684,59.57243291907697,17.919509933627662,2.9258865780101155,1.0054328765673592,2.01905664847401,0.0
78.29268196169926,50729.930770430794,493.6783347739126,0.9514653993394097,7.058699718982665,0.9958278041989798,0.0009743853898031938,0.0
79.0,55547.0,146.0,17.0,9.0,0.0,1.0,0.0
52.53022815016473,90654.21943601145,302.5072402050351,10.14823752374166,1.917142967537098,0.007679362179900244,1.998778010871623,0.0
34.0,43061.0,273.0,9.0,5.0,1.0,2.0,0.0
68.23178122733557,70523.06619798421,335.44789645669454,17.08825332892755,4.974969508109308,0.9860118745512564,1.0251630252664408,1.0
76.0,41732.0,115.0,13.0,10.0,1.0,2.0,0.0
50.0,58971.67578947369,355.0,2.0,10.0,0.0,1.0,1.0
26.347123248020896,71800.07713372487,97.98625455548395,8.971764281009081,5.010718324092973,0.009239440869481539,1.9934635823925118,0.0
33.81558655102884,30459.399985349544,333.6805515207479,17.006423545943665,6.872869348108175,0.01223137246919769,0.9815447226963963,0.0
38.0,99714.0,339.0,6.0,9.0,1.0,2.0,1.0
65.0044806897582,62958.8867787139,483.44722192286014,10.311023053425842,2.9054701983025666,0.9911363187004701,2.0029363294439757,1.0
22.705022932528784,69830.29719485925,432.1725648598286,3.197996359389771,5.058242267977377,0.0018376966545525818,0.005592698647853678,1.0
50.91652805655306,88555.21527954303,245.94775372566352,14.924183337805843,2.0452833846819605,0.9950827107975603,2.009578908591754,1.0
41.924050188429945,76851.44612504287,368.38519673275727,11.044489450235723,1.9782957774322345,-0.0053893251810891805,1.9977369133679437,0.0
58.0,72528.0,60.0,8.0,5.0,0.0,0.0,0.0
49.94754708648344,37133.18446221187,223.48728786391044,12.111449026536139,4.045024023638831,0.0007745318589971599,0.03196763088225375,0.0
37.89620810043477,69318.02675327739,248.70550218126627,12.883399294262404,4.972780007304034,0.9886951050551097,1.0005689456894034,1.0
54.0,45945.0,122.0,17.0,10.0,1.0,0.0,1.0
41.0,55195.0,238.0,10.0,6.0,1.0,1.0,0.0
45.0,82856.0,182.0,3.0,3.0,1.0,2.0,1.0
47.0,52097.0,477.0,12.0,10.0,1.0,1.0,1.0
37.0,73222.0,19.0,18.0,8.0,0.0,2.0,1.0
32.0,78335.0,182.0,8.0,3.0,0.0,2.0,1.0
56.0,59298.0,251.50315789473683,13.0,10.0,1.0,0.0,0.0
69.33558054819999,61576.4749254566,429.8474559843423,13.9729699405544,7.964148116564972,-0.005055682931940132,1.0125133838587674,0.0
34.0,29337.0,480.0,10.0,5.0,0.0,0.0,0.0
55.6516786335605,90917.51581157482,275.3734665875481,7.988584868265255,8.964010690702084,1.0021532052054083,-0.0012499522309322316,1.0
50.11824560032551,44028.00838990815,450.23977753143305,13.812431821234284,10.056343976509448,1.0068526591384757,1.9909124121679458,0.0
40.922543607469784,81728.69475859177,218.93154348544707,3.949692405757588,2.9822458747330036,0.9988327527544052,1.980476119725558,1.0
30.0,62344.0,455.0,6.0,6.0,0.0,0.0,0.0
75.70885670660907,39054.12450411844,160.80716391970307,14.976582745687406,9.025345111766024,-0.0004887993413041522,1.9744120636956888,0.0
77.0,40384.0,191.0,14.0,3.0,0.0,0.0,0.0
25.06569732438459,52817.87234664517,23.343490649508073,12.047111512495436,10.013506744335123,-0.006518588527391155,1.9900417497453071,1.0
51.0,81476.0,318.0,15.0,6.0,0.0,1.0,1.0
52.11075055534423,26467.491497450395,236.147551691926,12.09867857618474,9.080461418009902,-0.008460174245813218,1.965215924514721,0.0
76.0,38777.0,97.0,7.0,3.0,0.0,1.0,0.0
24.98836639450486,24825.60024903257,323.20981590374123,10.959212407734356,6.07648576534989,0.9953366918524269,1.9898550487102113,0.0
47.0,87067.0,413.0,10.0,3.0,1.0,0.0,1.0
55.0,21015.0,400.0,5.0,8.0,0.0,1.0,1.0
78.05469922056355,41124.57283631967,128.51123182764863,1.9294173710379299,9.001060138323078,0.9868824371502786,1.9688914424894142,0.6189473684210526
56.0,21150.0,151.0,2.0,4.0,1.0,2.0,1.0
70.7298816960579,27248.62840935634,330.02986160447807,13.997250016116753,5.001815842693526,-0.02746535611944323,1.0182688384627416,1.0
45.479244938856596,78870.91128953476,313.77921505376924,5.894843265857127,5.421068382598734,0.9775390329584809,1.021136024220971,0.0
65.49112008615003,73436.87869421318,249.03068941614254,15.981682662980162,2.0176978843727316,0.004545804942657832,-0.006244472913388599,1.0
59.105674541873036,67609.08641968634,29.68329734118487,13.269685822348075,8.909022995570986,1.0090195887960345,1.985187986505011,1.0
56.08913159360917,38789.137734684824,69.28823364079753,18.060364938108442,8.990263622279876,-0.009074359531476155,0.01390908600963457,1.0
18.857235765418345,44110.09238492852,313.5663723214033,16.826862521675277,3.0849165669281584,-0.0030769988627300368,0.032266716671245074,1.0
56.91268479798171,60359.04193656304,189.62683806930931,4.087544982270998,5.987043226186832,0.005521051041376236,1.9984038325871833,1.0
43.0,25713.0,126.0,10.193684210526316,3.0,0.0,0.0,0.0
58.46097963664735,25686.424873938122,202.35127679948351,6.973036769743584,3.0325859165222964,0.0061225273484665395,2.0302242726172612,0.0
23.0,43833.0,26.0,10.193684210526316,10.0,1.0,0.0,1.0
41.0,81813.0,219.0,4.0,3.0,1.0,2.0,1.0
49.75578947368421,52049.0,327.0,6.0,5.425263157894737,0.0,0.0,0.6189473684210526
50.0,46734.0,437.0,6.0,7.0,0.0,2.0,0.0
77.0,71991.0,10.0,7.0,10.0,1.0,0.0,1.0
59.313709379000635,82993.12927278009,227.453560136121,1.044981859013229,3.8937151275324338,0.02410825914105237,-0.02639141871612058,1.0
20.0,43275.0,167.0,19.0,5.0,0.0,2.0,0.0
77.0,62944.0,167.0,2.0,8.0,0.0,1.0,1.0
50.0,56395.0,333.0,19.0,10.0,1.0,2.0,1.0
32.0,96539.0,251.50315789473683,13.0,5.425263157894737,0.0,0.0,1.0
72.26590567286294,71033.36391077803,71.52143065993897,5.9262241489681,2.9787409968520375,0.003496766264411044,0.003578519906041499,1.0
20.51720361871955,84722.5189864856,239.73101054101863,17.158434943963847,9.010228370805793,0.9843574924040821,-0.008282874863393687,1.0
57.0,58971.67578947369,124.0,4.0,5.0,1.0,2.0,1.0
43.68348861637608,21290.158659438042,53.075905689558105,4.975116811726743,9.054664890655841,-0.0069652601988422136,1.9843768194413303,1.0
49.75578947368421,73682.0,203.0,18.0,4.0,1.0,2.0,1.0
54.590447824567,97922.75078448285,229.10395133035445,13.196267123717304,2.099687335151549,1.0041994629471267,0.003145693055059174,0.6189473684210526
18.08256914592586,59193.84016802513,346.9383423123057,10.892974472227587,2.0607450990652803,0.9890308456518286,2.0269013631910657,1.0
61.0,23267.0,98.0,13.0,1.0,1.0,0.0,0.0
52.0,58971.67578947369,487.0,5.0,4.0,0.0,0.0,1.0
19.0,44285.0,314.0,17.0,3.0,0.0,0.0,1.0
43.2643526199778,84584.33164760079,441.49515025353213,10.221711990685112,3.9284524163394865,0.0064025385465927955,1.0023289530490511,0.0
25.144102577102203,85405.39915468954,108.74414158620604,13.10425228957565,6.051028199404338,-0.002043990901574116,1.9693085374164552,0.0
44.81715335514763,20034.434332421395,163.38708925696793,9.11727064087447,4.9566059287007445,-0.0018683022724659288,0.9935954205379723,0.0
76.22358097846129,49061.875740020805,187.64099163042258,1.0019630628042298,1.047011497379601,0.9963362227144612,1.0137896114345477,0.6189473684210526
25.663889030222112,27363.284058358007,457.1176948186559,16.017544089738383,5.979226828637845,-0.010915487014575254,0.979558424189665,0.6189473684210526
21.0,29348.0,406.0,17.0,2.0,0.0,0.0,0.0
68.0,70343.0,333.0,17.0,5.0,1.0,1.0,1.0
49.75578947368421,37144.0,330.0,8.0,5.425263157894737,0.0,2.0,0.0
43.0,80100.0,159.0,15.0,5.0,1.0,2.0,1.0
53.0,97052.0,251.50315789473683,17.0,5.0,0.0,2.0,1.0
57.876482880161525,68607.24706476668,416.3558441008822,15.991893773860177,1.9445127595901222,0.9999348098527948,-0.01997986280764732,1.0
78.0,87215.0,251.50315789473683,2.0,9.0,0.0,2.0,0.0
38.0,69726.0,251.50315789473683,13.0,5.0,1.0,1.0,1.0
60.56559342943602,90334.38342842592,448.3053432446404,18.833922286705572,9.152791694952109,0.9970501418393276,0.007382076496941648,1.0
66.13710551839351,20922.351272604577,340.2048353783793,10.201926553609608,4.963348609050576,0.014308618419591397,-0.031056683641073987,1.0
23.889974537056684,28112.855773539664,59.2077785395783,10.916354256643006,9.048411544568946,1.0000337431582769,2.003376389157352,0.0
48.70626754189422,44223.49252566858,476.3221529714772,13.880888525866899,2.027719923141127,1.0190346487181479,1.9774373711102462,1.0
35.10536696819214,46524.24866810562,78.21509169791919,8.064480796428445,8.037121916647836,-0.00606486270538176,1.0172086918416772,1.0
54.0,41352.0,143.0,13.0,3.0,1.0,0.0,1.0
38.41962330345666,89522.59601591062,262.18083643889497,9.982488940124123,8.021631320933661,0.0009803294448511557,0.9786465732900919,0.0
49.75578947368421,37260.0,218.0,12.0,4.0,0.0,0.0,0.0
32.642033965090114,28501.01606911407,464.17635757347455,10.211248472382701,0.9996901700971068,-0.0005238596398346364,0.018235418328413133,1.0
31.0,27805.0,148.0,1.0,4.0,0.0,0.0,0.0
68.0,20412.0,304.0,13.0,5.0,0.0,0.0,0.6189473684210526
34.486993188101835,42373.82972173794,267.62140326966386,8.904252212375496,5.028472295391918,1.00252151414179,2.0175756927183883,0.0
37.281693299495025,60707.117017273056,352.60587572962424,7.14693921900015,6.9785677877627785,-0.0006198213635839116,-0.00973442850740203,0.0
49.50160545127502,79057.71579413673,236.7621637521501,11.969235908736337,1.9658744544945543,1.0085422377822464,0.9730522624781953,1.0
36.0,38384.0,72.0,15.0,5.0,1.0,2.0,0.0
41.3427932155589,88128.4068762003,209.79704811012473,10.328757562343087,7.087508420253402,0.0046304288791171894,0.980930593162921,1.0
25.0,86040.0,113.0,13.0,6.0,0.0,2.0,0.0
18.94933783387559,26590.664705434672,21.10661439292347,8.882654665628868,3.0459390724570894,-0.011296706871541336,0.0020843863414804955,1.0
53.183266791853676,96112.75872498358,247.66659632212398,16.986187077859803,4.98266718855672,-0.003512902681454838,2.014874066417896,1.0
28.0,78141.0,99.0,10.0,7.0,1.0,1.0,1.0
42.76286869276573,35949.29309722593,206.80170014589874,8.083308626270238,7.932942098177337,0.019863601408537986,-0.021152389012741503,1.0
69.9113867759454,22743.552919609916,232.77324857589537,7.959538388314333,3.0399501230650188,1.0010571648475681,-0.021220592672699844,0.0
68.0,92615.0,127.0,1.0,8.0,0.0,2.0,1.0
78.39042407624041,59735.60637798731,371.31519069564405,16.973048112103392,8.94896019025183,-0.020833777319093437,2.0083520432619126,1.0
46.0,55777.0,79.0,9.0,5.0,0.0,2.0,1.0
31.47390505954289,77219.94272529315,181.5278106544637,7.937283621035088,2.9544657915615367,0.024258604193138883,2.0118049424175064,1.0
67.0,41949.0,58.0,3.0,7.0,0.0,1.0,0.0
34.83985549828662,56672.21240068073,189.72450015174212,12.98882519569091,2.0926525650596997,-0.015166384868973643,1.007202062490514,0.0
42.07431886795974,72617.83326236218,67.64714974750594,4.053488033601808,4.021726553237033,0.009754724827900688,0.9943412843704725,1.0
57.0,58765.0,127.0,15.0,7.0,0.0,1.0,1.0
57.54196547360168,58519.80511047121,128.21815025489985,4.036600992277497,4.930432076636624,0.9904841734600003,2.00844967856982,1.0
78.0,46069.0,351.0,19.0,4.0,1.0,2.0,0.0
77.29245337703323,35966.46879697163,145.6494222064696,11.996288176777302,3.982500269337602,0.9888842524020185,1.0300333364984218,1.0
39.0,76661.0,103.0,11.0,8.0,1.0,1.0,1.0
29.0,42677.0,127.0,14.0,9.0,0.0,0.0,0.0
75.0,46790.0,369.0,10.0,10.0,0.0,0.0,0.0
46.0761393804963,54993.859833261966,17.67356207983322,14.067194910009277,4.931475422110132,-0.01056184923421147,2.0169081371057027,1.0
68.0,80566.0,19.0,19.0,8.0,1.0,1.0,1.0
20.0,29860.0,163.0,19.0,8.0,0.0,1.0,0.0
32.0,76958.0,121.0,11.0,2.0,1.0,0.0,1.0
62.0,92267.0,225.0,15.0,2.0,1.0,1.0,0.0
40.3862312834699,49331.79548112221,260.74840081709164,8.99138935672714,6.045924811473841,-0.001254100038005087,0.9903592750439751,1.0
49.224037620177405,76191.42417965457,163.87994353512008,13.002219466401376,6.916780261439149,1.0030100111826832,1.0187877816105035,0.0
73.0,58971.67578947369,84.0,9.0,9.0,0.0,1.0,1.0
40.0,47663.0,44.0,15.0,2.0,1.0,2.0,0.0
68.0,58971.67578947369,87.0,2.0,2.0,0.0,0.0,1.0
61.0,93666.0,395.0,6.0,2.0,0.0,0.0,1.0
49.75578947368421,74340.0,110.0,17.0,3.0,1.0,1.0,1.0
45.0,47355.0,64.0,2.0,7.0,1.0,0.0,0.0
31.0,81389.0,330.0,10.193684210526316,1.0,1.0,2.0,1.0
50.2823904499982,67525.89208260254,239.99747054414473,12.07855442294217,5.961812442775961,1.0060190591253761,1.9964738168691847,0.0
53.77842800517206,66855.67437011046,402.1111747652544,12.139598994589992,6.078751113888457,0.0018136261867457196,-0.004758236404268044,0.0
50.17546363756282,59595.22275898265,466.00073195674435,10.990797585766293,4.995380362563549,1.0050808933894948,1.0325852613807072,1.0
65.0,39963.0,389.0,18.0,1.0,0.0,0.0,1.0
23.0,95880.0,34.0,12.0,8.0,0.0,0.0,1.0
19.497467175664596,97913.98065761222,239.1602257620838,6.1930914036434,0.9313870592886488,0.9914889391437249,2.009114440436836,1.0
50.55193849771531,61514.24632684572,337.1559486253991,10.111641774681713,2.0305331068434684,0.9982449798777834,2.013888449724583,0.0
24.911412356580843,44013.98791592611,59.00174079897201,1.8882809519061348,6.987299522369317,0.9980537138678769,1.0070346921282831,1.0
25.0,65017.0,359.0,4.0,2.0,1.0,2.0,0.0
75.07702135615126,46348.61707337014,365.25316289681376,9.963620980039828,10.043773879269663,0.01684419860209294,-0.033465180024620914,0.0
70.0,66271.0,395.0,18.0,2.0,1.0,2.0,0.0
43.0,43049.0,327.0,18.0,2.0,1.0,1.0,0.0
69.0,58413.0,38.0,1.0,4.0,1.0,1.0,1.0
77.0,78017.0,444.0,19.0,9.0,0.0,1.0,1.0
79.03475558807033,74168.09554991528,293.7874851999091,14.886383105588639,7.938182363323809,0.0053462867009990735,2.0066157219911283,1.0
43.28923658274717,25725.77554733722,126.73140112732072,10.305743194255003,3.036012904024065,-0.0035950280674403863,-0.01905268657550538,0.0
33.0,98587.0,123.0,12.0,2.0,1.0,2.0,1.0
18.024396413704455,35995.04106806497,420.15408446334294,7.911857586043703,8.00108609840926,1.0046302139866357,1.9993793545703087,1.0
20.0,26949.0,231.0,3.0,8.0,0.0,0.0,1.0
49.75578947368421,74553.0,137.0,7.0,4.0,1.0,1.0,0.6189473684210526
64.0,92369.0,276.0,3.0,6.0,1.0,0.0,1.0
41.43266293658024,93643.32321315941,93.13637291484706,10.266267374218355,3.9600401851930647,0.9995450380994582,1.0081181316959855,1.0
44.0,48016.0,325.0,17.0,6.0,1.0,2.0,1.0
40.493039118068126,76023.41978521591,20.859775591355113,7.900080787608261,3.927535680355682,-0.0031341908304703034,0.019061775953660636,0.0
49.75578947368421,74748.0,359.0,11.0,7.0,1.0,1.0,1.0
69.0,41545.0,362.0,11.0,5.425263157894737,1.0,0.0,1.0
30.714529770317213,30434.58223047474,384.6181789601943,9.916769470334597,2.0623109679613454,0.9881075301680141,1.0176858702157852,1.0
52.0,92789.0,93.0,5.0,10.0,0.0,2.0,1.0
65.5595544230016,81804.45954811704,12.616878332657496,7.079154771202459,2.9456766621911257,0.9895832318729803,0.014478542782688897,0.0
21.1169778309612,70909.60135731834,274.65316260383236,14.96177649276437,4.991817975738202,-0.002029090323965926,1.0201366958173317,1.0
61.109344821511854,65752.45210740622,321.20600885784995,7.917099203773561,5.5028642470286275,-0.017852364960383206,-0.015619229430283448,0.6189473684210526
74.0,50355.0,372.0,6.0,5.425263157894737,1.0,2.0,1.0
49.0,58088.0,158.0,7.0,5.0,0.0,0.0,0.0
24.0,41677.0,166.0,18.0,3.0,0.0,1.0,0.6189473684210526
58.91573404276452,74760.80711081658,420.76313578972776,13.01983927406326,3.9963384930977655,1.008849192019738,0.9913364186571894,1.0
43.0,63125.0,449.0,3.0,10.0,1.0,1.0,1.0
64.0,58971.67578947369,94.0,18.0,2.0,1.0,0.0,0.6189473684210526
37.0,55909.0,157.0,9.0,4.0,1.0,1.0,1.0
49.733486690118816,48590.168806347174,156.84475432419498,11.8153504662023,7.9492739998065,1.012055690807154,0.9921095699044461,1.0
47.130444784527064,69739.77483675325,270.55406899673136,9.039272496797189,6.016290051214249,1.0008517939049801,1.998157938359208,1.0
70.32010003637733,58953.8308841656,447.51395997706373,16.96677265558665,9.023165090059337,1.0057292563229894,1.0276930478907549,1.0
68.95080211876056,38931.41389479469,209.52916064692593,6.942597675236628,9.991998560569234,1.0096784311632154,0.9857869348528104,1.0
63.0,55854.0,243.0,11.0,3.0,1.0,0.0,0.0
69.0,57131.0,41.0,15.0,1.0,0.0,1.0,1.0
77.0,58971.67578947369,128.0,13.0,2.0,1.0,0.0,0.0
47.026364767887856,25013.5033435703,252.27610193040496,14.843475641068995,1.9795407242229828,0.014721511652020331,1.0146863815372444,1.0
29.0,36907.0,105.0,13.0,2.0,0.0,2.0,0.6189473684210526
38.0,47751.0,455.0,2.0,4.0,0.0,1.0,1.0
49.75578947368421,79031.0,234.0,12.0,2.0,1.0,1.0,1.0
45.06097710164356,68237.34424388001,399.7448088463686,10.378252421749346,8.977339615549853,-0.012580609508764702,1.002593102962789,0.0
71.0,72796.0,232.0,8.0,1.0,0.0,0.0,1.0
38.0,99905.0,373.0,5.0,4.0,0.0,1.0,0.0
25.0,43954.0,60.0,2.0,7.0,1.0,1.0,1.0
54.02483731996267,43925.42011559708,119.52531405320794,12.955291029895466,1.036891144179436,0.9993825758855048,2.0013149108705446,0.0
63.62310545371662,59081.45590679091,94.05818437698423,17.99464768566233,1.9617674147069775,0.9837010193447224,-0.006832692722257182,0.6189473684210526
36.0,70612.0,165.0,11.0,6.0,1.0,2.0,0.0
49.78676298809933,59077.97090069711,247.24542236707825,18.831794768467834,2.034092865189752,0.014636607244131574,1.0128051225880106,0.0
63.5345760489307,42772.5080433221,408.5428701446135,18.27539076411926,9.01247442757781,0.008757377515761132,2.0375393135861177,0.0
75.3570819937768,58516.88790454001,345.1752222342653,8.053731636461999,4.992565482523967,0.0065090654203265805,2.0003039843487076,0.0
70.86047815533433,77041.07559201338,106.00399843299806,15.75391630980141,5.0575315977352435,0.00848131583250931,1.9857291507353374,1.0
49.54168727811605,70588.09449202585,142.29599513631973,17.01467236515808,6.044687254167373,1.0047346499474465,1.9588942643833944,0.0
52.12706954530941,92601.64708194521,92.04467157348712,5.119622936904893,10.033286490687372,0.0038902191289948707,2.0023186642598456,1.0
46.18281783498241,93383.65754546585,22.18675985477903,3.197860061696366,7.019688934702985,0.0002389461106494662,0.013714290880051789,1.0
45.0,20055.0,160.0,9.0,5.0,0.0,1.0,0.0
78.0,64247.0,412.0,18.0,5.425263157894737,0.0,2.0,1.0
47.0,39870.0,20.0,3.0,10.0,0.0,1.0,0.0
48.0,57744.0,266.0,12.0,8.0,1.0,2.0,1.0
46.74547712865714,39626.49291065467,22.636509112356656,3.0382505297593085,9.89665690742953,-0.007422223081328918,1.0128743969573204,0.0
76.0,66732.0,56.0,10.193684210526316,4.0,0.0,1.0,0.0
25.0,89042.0,177.0,12.0,5.0,0.0,0.0,1.0
22.0,55735.0,362.0,10.193684210526316,1.0,0.0,2.0,0.0
72.0,70990.0,72.0,6.0,3.0,0.0,0.0,1.0
46.035458437090426,32186.13972734619,347.82456167760307,3.0070666999105558,2.03960789451677,0.9955711227046231,1.001200640427579,1.0
65.78642788926545,41335.33448532627,356.0758465968885,10.996142864030423,9.936395720738116,0.9975858774661166,0.002218500834519319,0.0
78.56192324331747,86052.7475069005,342.4486318261268,13.072524118887397,2.0000667425049534,0.029480540802478628,1.0080290397424898,1.0
56.0,33456.0,186.0,9.0,6.0,1.0,0.0,0.0
50.0,97735.0,211.0,10.0,1.0,0.0,2.0,1.0
24.40406253119542,41633.36886334379,164.10468881817582,17.98746310279104,3.033469673813449,0.015318271549425007,0.9805394429420584,0.6189473684210526
24.0,96797.0,141.0,7.0,1.0,1.0,1.0,1.0
56.37496901055974,26165.587012989792,375.48608905341047,5.115567854591983,5.928396482000431,0.010233484145131911,1.0211261271307701,0.0
22.0,47712.0,484.0,4.0,4.0,1.0,0.0,1.0
23.244188464118444,45823.77986053606,302.7335768486558,5.076942195536159,10.041203029029653,0.989414659612668,1.0226404682289327,1.0
31.820850825351577,47843.63337346076,388.89926742416384,5.0888107039040955,1.0397631638586267,0.9952067618220006,1.9932023701040709,0.0
56.0,31093.0,286.0,13.0,4.0,1.0,1.0,1.0
49.75578947368421,82680.0,436.0,17.0,4.0,1.0,0.0,0.0
60.18326237282958,43047.34732212677,191.07983444246054,9.07004407567182,7.082169760154616,0.0014483672135891228,1.987236110700864,0.0
64.37615041120918,89586.3981394609,247.19123515036134,10.22511382876785,0.9994850772159137,-0.005645747701821285,1.9944452652625884,0.0
49.51635303019601,63615.73416069284,23.24742376760026,13.967920278963572,8.008859589806912,-0.020862907830200353,2.0239684879550155,1.0
74.99519735134743,75579.18877100284,379.09199938277766,2.033655767072916,6.026374085922649,0.005553166794607171,0.007491702895329259,1.0
52.0,27561.0,235.0,12.0,9.0,0.0,2.0,0.0
35.0,56586.0,187.0,13.0,2.0,0.0,1.0,0.0
18.0,86234.0,24.0,1.0,1.0,0.0,2.0,1.0
77.0,40764.0,222.0,12.0,10.0,0.0,1.0,0.0
49.75578947368421,58971.67578947369,467.0,11.0,5.0,1.0,1.0,1.0
37.0,48732.0,238.0,18.0,6.0,0.0,0.0,0.0
68.75913429643575,94373.83299845866,222.35132618314714,18.9085639556894,9.963562637272736,0.018703051594148364,0.9952333416305076,0.6189473684210526
46.01671686511281,90412.7605534248,298.9665608704445,11.038495774716615,3.9849595079959568,0.0032939249555620177,0.998367134170052,1.0
23.0,49124.0,251.50315789473683,19.0,1.0,0.0,2.0,1.0
67.98023474555404,39007.52166354131,409.0101192624978,17.010204293453647,3.911050044269233,0.9960766734504236,1.0048354912802395,1.0
72.0,89896.0,47.0,10.193684210526316,3.0,1.0,0.0,0.0
56.0,98859.0,311.0,10.193684210526316,2.0,1.0,1.0,1.0
36.83305562016253,63380.65886712019,476.5051580647423,12.96146581329284,1.9197387551097207,1.0392485265685276,1.977104276955396,1.0
43.0,76556.0,170.0,7.0,5.0,1.0,1.0,0.0
50.0,98752.0,440.0,2.0,3.0,0.0,1.0,1.0
18.0,35305.0,419.0,8.0,8.0,1.0,2.0,1.0
23.0,69407.0,434.0,3.0,5.0,0.0,0.0,1.0
20.0,56668.0,101.0,1.0,9.0,1.0,2.0,1.0
20.0,20404.0,207.0,12.0,9.0,1.0,0.0,0.0
52.0,80692.0,297.0,2.0,2.0,0.0,0.0,0.0
24.0,77108.0,106.0,1.0,4.0,0.0,2.0,1.0
63.92183527231593,33436.70921106144,138.0463279955006,19.020887947303258,4.000029231038399,0.0037197420583994483,1.0198320919813486,0.0
41.0,77458.0,246.0,17.0,9.0,0.0,1.0,1.0
49.75578947368421,48699.0,156.0,12.0,8.0,1.0,1.0,1.0
41.0,88450.0,207.0,10.193684210526316,7.0,0.0,1.0,1.0
77.0,72921.0,13.0,10.0,5.425263157894737,0.0,2.0,1.0
79.00364117792151,27552.758047141873,250.63768239442626,4.020267071544073,9.00189088716767,-0.015480719964515359,2.0119127411093745,0.0
49.0,86703.0,14.0,13.0,5.425263157894737,1.0,0.0,0.0
49.75578947368421,95745.0,422.0,4.0,4.0,0.0,0.0,1.0
48.305176650290335,57456.44928100662,267.48106893493076,11.875690666437428,8.037846587636308,0.9889552696677013,2.0070755452222984,1.0
39.0,66959.0,465.0,18.0,7.0,1.0,0.0,0.0
31.666298498265338,68409.39522522673,445.11103089783796,16.974874620601003,5.026155307134077,0.010447198006971374,0.9888164299857757,0.0
28.0,31338.0,337.0,16.0,5.0,0.0,1.0,1.0
52.0,59954.0,120.0,14.0,10.0,0.0,1.0,1.0
78.0,86320.0,340.0,13.0,2.0,0.0,1.0,1.0
57.88097613096114,62590.58806094946,215.6521427738479,5.024824543443541,1.0057777843457774,-0.0029650282555843633,1.0127516766466937,1.0
77.0,93794.0,62.0,18.0,3.0,1.0,2.0,0.0
49.75578947368421,49375.0,270.0,5.0,8.0,0.0,2.0,1.0
33.25321029335758,91635.14898001589,259.6330239933073,19.180429909033744,5.470595706909564,-0.005351462381245417,-0.011149521503673664,1.0
51.28946698547695,82380.67368807137,357.52578464460714,4.093399847174539,6.027558108303435,-0.0032112944206758613,-0.016763242739796867,1.0
18.0,23709.0,251.50315789473683,15.0,8.0,0.0,0.0,0.0
52.0,64425.0,188.0,3.0,2.0,1.0,0.0,1.0
17.790289343863577,75406.52002990541,465.9833941691273,12.983323234866079,7.0047237353256815,0.9958714787012085,1.0210947331668807,1.0
42.0,35485.0,209.0,8.0,8.0,0.0,0.0,1.0
74.0,33807.0,252.0,4.0,3.0,0.0,2.0,0.0
24.345709137180414,76792.14761595715,103.7045005991266,1.0249159689474625,3.9975928495685182,-0.0006416553359717186,2.0069085183713047,1.0
56.17674326418893,31510.83557950673,289.82767226273444,13.081061126864642,3.962617992225998,1.0057041170342296,0.9684841172629853,1.0
42.0,95353.0,71.0,12.0,8.0,0.0,2.0,1.0
49.75295260937913,74647.00978413918,135.49049636513365,7.08335732612387,3.9992338575584516,1.015158591205115,0.9945978621416988,0.6189473684210526
55.65075478167025,99139.52323941399,314.318199434395,10.116360839428493,1.9398034006050278,0.9950901951600287,0.9848636792588984,1.0
26.0,84895.0,420.0,14.0,8.0,0.0,0.0,1.0
45.0,68747.0,401.0,10.193684210526316,9.0,0.0,1.0,0.0
68.68550151549978,41692.131595565006,361.9462845133641,10.89582214875148,5.4488428840838825,1.010813851153845,0.011773592485315593,1.0
31.0,24611.0,492.0,14.0,4.0,1.0,0.0,1.0
18.8114981280812,99155.59755747221,467.29143917941525,11.9138119853085,4.974905389913064,0.9920024366331328,1.9677689202450659,1.0
68.0,52217.0,149.0,10.193684210526316,10.0,0.0,0.0,1.0
63.0,32015.0,400.0,1.0,7.0,1.0,1.0,1.0
44.0,84291.0,441.0,10.193684210526316,4.0,0.0,1.0,0.0
60.748193582642955,40642.38693705505,252.6493051835356,2.0992355436596477,7.9767040480634765,-0.007580145715167574,1.9882345229332228,1.0
66.93227275876485,48313.10973821799,21.305257394326098,16.908158623072545,6.9845107622961295,-0.012413225225422578,0.9992056055382647,0.0
61.0,33403.0,331.0,2.0,7.0,0.0,1.0,0.0
52.0,58518.0,480.0,12.0,9.0,1.0,1.0,1.0
76.07004812971171,39247.74110119886,346.8641394634111,7.7008730025324486,5.32731627233792,1.0005491473202353,1.996586900583259,1.0
29.659086701136633,41927.42212486101,122.43590369491582,13.81582880728015,8.94609851508169,-0.009260543327027597,-0.010873884889113585,0.0
64.40664481453258,92586.00242208035,276.5500684265401,2.9555976933405623,5.858133502953264,1.0045711909088915,0.01732403810077585,1.0
49.81741155943441,59239.247388990276,127.64266678133983,14.013161592279467,6.010503296233364,0.00333742191578267,-0.02535798133206523,1.0
49.656656205422145,98999.84809394689,432.6243658987104,12.736487391050568,3.0316726063707327,0.9988381195872251,2.00417229195921,0.6189473684210526
69.0,30916.0,464.0,4.0,6.0,1.0,0.0,0.0
72.0,37019.0,284.0,15.0,7.0,0.0,0.0,1.0
38.27307238632148,47361.21935275828,456.73739239067135,2.0994886808674487,3.954760965080225,0.012442404980668448,0.9744394287188213,1.0
52.63960946714561,28941.983693875674,250.21816919512312,2.157615720257245,5.41061799494931,0.0008586270602078132,-0.025098722643150866,0.0
37.73326542581114,49216.35804298544,239.47240716478993,17.793869095019236,6.057985927719991,-0.007185788068085977,-0.010033145648200762,0.0
34.2356025815351,28734.572975667914,479.5829475854674,9.991345107595578,4.962485867748097,-0.006495360107069762,0.0004961027499059421,0.0
41.0,37640.0,402.0,16.0,10.0,0.0,2.0,0.6189473684210526
64.88959936213374,40710.34788413628,451.165115520893,9.925104967050334,5.391088238065007,1.0036860307019781,1.9837729102584305,1.0
49.203137059297994,21637.198383862393,266.5976472593997,3.1152950851864674,3.930769763535858,0.9918186004920153,2.0195506341673166,1.0
30.61894978317947,55033.368017279055,254.01503937195395,10.905885464441218,5.990012410795854,0.996706684321688,1.9817680096964059,0.0
43.02697314939455,79646.99210718251,158.4161673757947,15.0992628382466,4.915961205652643,1.015623374319362,2.0262632248206547,1.0
40.67690242346261,22412.812759187884,48.12375049686551,4.893337757189865,5.035180636915374,0.9977028143529663,1.9925471153425962,0.0
50.0,20302.0,170.0,7.0,9.0,0.0,1.0,0.0
41.0,22368.0,49.0,5.0,5.0,1.0,2.0,0.0
45.27006014754299,83353.74342130388,185.41296256673132,2.990571561056891,3.0147206484808295,0.979007143137294,2.029434292383372,1.0
49.0,32910.0,289.0,9.0,7.0,0.0,0.0,0.0
49.88446857639901,64699.0112544926,266.72069177801126,9.83727124619245,5.078772057477934,1.0085814828288793,0.0037212335566641857,1.0
39.0,30488.0,311.0,14.0,10.0,0.0,2.0,0.0
65.0,62808.0,486.0,10.193684210526316,3.0,1.0,2.0,1.0
34.0,29435.0,328.0,17.0,7.0,0.0,1.0,0.0
35.0,94740.0,329.0,9.0,8.0,0.0,2.0,1.0
25.289469683116835,57931.04726154203,412.63407495861,18.21479824628905,0.9313954372470405,-0.010321596625137427,2.0078214832453374,1.0
29.0,44504.0,416.0,10.0,10.0,0.0,2.0,1.0
19.0,53307.0,447.0,4.0,1.0,1.0,1.0,1.0
65.0,69922.0,220.0,1.0,9.0,1.0,0.0,1.0
59.0,56187.0,150.0,16.0,10.0,1.0,0.0,1.0
21.0,35034.0,197.0,11.0,4.0,1.0,2.0,1.0
54.0,43959.0,119.0,13.0,1.0,1.0,2.0,0.0
28.0,69689.0,320.0,10.0,3.0,0.0,0.0,0.0
31.0,55270.0,251.50315789473683,11.0,6.0,1.0,2.0,0.0
79.0,73871.0,295.0,15.0,8.0,0.0,2.0,1.0
19.78672117143355,26709.503953085074,229.66541057775336,3.168252200977148,7.9470062585428165,-0.021199520382612334,0.019667177508090054,1.0
33.10729805315278,86445.29682181247,252.5014397247827,18.332540906238872,0.9715853512432817,1.0066810471982561,1.0041541992734533,1.0
45.0,77854.0,291.0,2.0,4.0,1.0,0.0,1.0
36.98725220318997,73369.48995917405,19.210131760590816,18.03057210529935,8.004908627657889,-0.0029957093178490752,2.003342355258031,1.0
53.902129757164005,70505.79300371108,32.273159220592845,19.061814983096443,8.059406641489531,-0.019115803937577877,1.9984901319188204,0.0
45.08264164873767,85010.80209183382,158.38093798692893,13.963220080573873,9.012773016210232,0.010302170301499181,-0.006191844630745873,1.0
78.74386150600324,75819.4888114994,311.4170847119866,3.048819719544198,5.0620671290444115,0.004328070911477798,1.9661361500080787,1.0
31.525871501767103,81674.47310224753,329.1202281192608,10.087893127362685,0.9200593473430672,0.999468980862295,1.967505140726688,1.0
24.168515979619645,96604.41694752016,142.2405573457012,7.107263565787148,1.0327664579390143,1.0031119885381892,1.0246955190427673,1.0
31.0,36779.0,487.0,15.0,3.0,0.0,1.0,0.0
54.14687773235251,41400.014914616746,149.6734814969295,12.997618443475762,2.9437981635714014,0.9863334447550817,-0.02893920354856868,1.0
52.121390367574705,59786.42823159613,119.82878833123105,13.903937117006013,10.008402252643902,-0.0053865177022639375,1.012819534461092,1.0
66.82146234977341,64189.98219261384,339.1762976308505,10.072182337068616,5.932413877805717,0.9937454343119972,1.005121004768903,1.0
76.34133244646982,20922.248347488065,261.5864078236336,17.08119645657115,8.027781767926385,0.9941558850355604,2.029853848344634,1.0
55.0,90390.0,275.0,8.0,9.0,1.0,0.0,1.0
79.0,63286.0,444.0,17.0,9.0,0.0,0.0,1.0
23.0,81629.0,120.0,5.0,7.0,0.0,0.0,1.0
25.672845963120338,85496.39940620976,97.33215567951443,14.965135376757674,7.9803981361675,1.016993576846366,0.0006826756583996632,0.0
73.05351385414407,46767.123225330484,141.81865827545505,7.029176920497447,5.958005049111839,-0.004995538875200895,-0.009316087898955593,0.0
38.731801904137065,67451.4222134558,467.3343569314304,18.056938663160544,7.0258204581296475,1.006254102313022,-0.006871534222377634,0.0
26.0,97709.0,380.0,15.0,9.0,1.0,2.0,1.0
58.0,31637.0,481.0,17.0,10.0,0.0,1.0,0.0
64.0,29662.0,416.0,12.0,6.0,1.0,2.0,1.0
57.0,69115.0,415.0,16.0,2.0,1.0,0.0,1.0
61.00181949520222,99404.5616150601,455.50644113163384,12.00216552629297,8.913974391026814,1.011996556074136,-0.0021395503690689907,0.6189473684210526
45.012547649879906,59237.633643852445,202.65116361587704,9.029738556818321,3.04111945091508,-0.006083750324833684,0.03134211717310738,1.0
66.0,76800.0,368.0,6.0,7.0,1.0,2.0,0.0
49.75578947368421,80160.0,468.0,16.0,7.0,1.0,0.0,1.0
38.0,80890.0,69.0,8.0,5.0,0.0,1.0,1.0
31.0,53434.0,63.0,1.0,3.0,1.0,2.0,0.0
47.03946901947279,51282.745799515054,478.19348091579957,12.11338592420396,10.01017903769414,1.004825176105456,0.9935818604234984,1.0
52.0,25126.0,91.0,16.0,2.0,1.0,2.0,0.0
52.0,44214.0,322.0,11.0,6.0,1.0,2.0,0.0
59.0,55247.0,428.0,17.0,10.0,1.0,1.0,1.0
67.57896715718677,58721.20317048614,87.84085290971774,1.8719505911663323,2.0312600447812144,0.008688479828883095,0.0077070600053211185,1.0
79.0,80403.0,408.0,16.0,1.0,0.0,1.0,1.0
49.0,43524.0,478.0,14.0,2.0,1.0,2.0,1.0
42.6003270048257,79904.31426062054,63.82685556144859,14.93319396027896,4.00140565857828,-0.011298050253807977,0.984726733002352,0.0
73.62459398101858,30850.898064366767,254.43679896924132,10.271574087102737,3.064755670924081,1.0074474249911625,-0.0012756472192546047,0.0
39.25531940194182,29496.031058887427,309.4051018917099,13.988966183880052,9.990346679586807,0.009549635591207112,1.998382496488014,0.0
65.14377135601795,62821.69734010067,143.15553392008644,6.900717168902718,6.0909484433738434,-0.0018446026308214121,1.0059704060523684,1.0
20.883409649212208,82902.52826479498,103.14208815077951,5.094138798912614,5.362210376073836,1.0005800226626556,1.006931715213618,1.0
73.99056570290018,77653.92354112507,305.5947465210891,8.83720407875294,6.9909867868888735,0.9886271566825661,1.9953227083983291,1.0
71.0,76573.0,104.0,16.0,5.0,0.0,2.0,1.0
40.0,39190.0,161.0,18.0,3.0,0.0,0.0,1.0
79.0,59811.0,375.0,17.0,9.0,0.0,2.0,1.0
38.62364011369787,76114.66235991323,104.77028214718503,10.98462817278527,8.027985926265488,0.9908163757138033,0.9837730679548817,1.0
33.0,86412.0,444.0,7.0,2.0,1.0,1.0,1.0
77.0,74021.0,35.0,10.193684210526316,9.0,1.0,1.0,1.0
76.0,49189.0,186.0,1.0,1.0,1.0,1.0,0.6189473684210526
61.0,34397.0,400.0,18.0,8.0,1.0,2.0,0.0
67.0,48024.0,18.0,17.0,7.0,0.0,1.0,0.0
58.31039340397029,57207.48492757311,182.16987800485606,13.941453940700455,4.980081002585221,-0.009361760056521696,-0.004622305799421931,1.0
43.09288996630978,42607.440705592584,321.53429976716967,18.21427446258633,1.9406554136836711,1.0021120915823138,1.0096398160022162,0.0
59.45079853389949,54842.555352961164,389.5750055812362,7.9856856517845625,10.049103522047623,1.0019495618552607,0.985445258214404,1.0
27.0,60158.0,443.0,9.0,5.425263157894737,0.0,0.0,1.0
50.0,99252.0,427.0,13.0,3.0,1.0,2.0,0.6189473684210526
18.0,92936.0,420.0,4.0,1.0,0.0,2.0,0.0
51.0,79399.0,16.0,9.0,3.0,1.0,2.0,0.0
50.0,61240.0,337.0,10.193684210526316,2.0,1.0,2.0,0.0
22.008721330322686,39678.17205822023,432.52693874678965,15.884848216141044,4.991368521299353,0.9936291707451682,1.9987206786046574,1.0
36.24426501472582,75172.19437407755,180.90090880000523,13.871450778356671,7.019034204353203,-0.006066510954646366,0.0035116006300935335,0.0
43.22262802191166,57264.57501085722,166.49206644330351,5.042045802486714,0.9894782741875703,0.006789031958486157,1.0161629701185824,0.0
20.0,83932.0,240.0,17.0,9.0,1.0,0.0,1.0
37.0,63088.0,476.0,13.0,2.0,1.0,2.0,1.0
77.59982433930931,26188.867441132203,333.52146204103633,9.232375063144717,4.085149337679986,1.0035832716737507,0.9933414166680348,0.0
36.302309581836816,76467.00786708335,320.29353300527947,14.069915601862418,9.9552494554257,-0.009263713996780942,1.0055839533441264,1.0
61.69909812539168,75947.95783534933,311.6212798295212,2.994283155100742,7.004205349195845,-0.008242232996182701,0.028012365896599976,1.0
43.920486376593445,71382.64947048157,248.79621720637726,6.877210851086799,2.877537767091994,1.0033493983145618,1.9871115594635005,0.0
41.0,93553.0,444.0,15.0,1.0,0.0,1.0,1.0
20.96191593279353,35188.61705382194,199.060623592888,10.77758374139998,3.9678846971504633,1.0093186271724846,2.0179858480003556,1.0
26.326598136199266,43350.20123948888,182.27996090422894,18.07059620394371,5.083666799486952,1.0157246481476923,1.0049254062404807,0.0
61.0,40559.0,251.50315789473683,2.0,8.0,0.0,2.0,1.0
43.52739833099301,88480.97876488385,203.61394551931588,10.87816094619268,6.998584049320585,0.987547220723243,-0.015903787837161468,1.0
37.0,43574.0,379.0,2.0,8.0,0.0,2.0,1.0
70.0,30647.0,396.0,6.0,3.0,1.0,1.0,0.0
33.0,28702.0,464.0,10.193684210526316,1.0,0.0,0.0,1.0
41.15792200396443,81254.7606186719,335.0715733439611,8.16790805246271,9.85581475849872,0.9886978350955837,2.019604172850157,1.0
23.0,46432.0,301.0,5.0,10.0,1.0,1.0,1.0
22.0,58971.67578947369,429.0,12.0,1.0,0.0,0.0,0.0
49.07239742803565,32888.475506995645,287.90687076144576,9.089812541778606,6.957553192117157,0.002886218104618041,-0.0010602854005896888,0.0
19.0,96429.0,232.0,6.0,8.0,1.0,2.0,1.0
49.75578947368421,34489.0,224.0,6.0,5.0,1.0,2.0,1.0
52.2925094748283,74953.96962198448,79.78641661220591,10.089613532394365,0.9551059580688925,1.0084787500425703,0.993558684804676,1.0
50.301176145256136,51365.187460642206,328.58454238793723,6.084440286527681,5.35037103974567,0.004837059551669799,-0.027873957392050203,0.6189473684210526
50.0,52201.0,93.0,3.0,3.0,0.0,0.0,1.0
39.0,43624.0,297.0,6.0,5.425263157894737,1.0,2.0,0.0
71.86297813579603,36948.76779879904,285.0826457430478,14.978788734165121,6.951990356227018,-0.018792612086628732,-0.01171955701140672,1.0
19.759049001219612,29513.61593852697,167.07759954059614,19.02990207128028,7.9802326750507415,-0.002738964259382804,1.0094833261382608,0.0
56.0,26801.0,374.0,5.0,6.0,0.0,1.0,0.0
61.448235338567386,58208.137587499106,87.87901191352036,11.050481697506866,10.024276704515586,1.002964709228876,0.9985259031347434,0.0
21.0,82752.0,103.0,5.0,5.425263157894737,1.0,1.0,1.0
38.117871777596335,26126.953071673524,11.486915460760686,2.1554535821006584,1.0145370045300623,0.003277055281437882,1.9801411817770949,0.6189473684210526
49.75578947368421,65543.0,268.0,10.0,5.0,1.0,0.0,1.0
42.49914914644056,91437.05620766373,326.74712577684767,17.095731576982526,0.998933627322371,0.0008379705660821685,2.008114467897313,0.0
19.0,51921.0,328.0,18.0,2.0,0.0,2.0,0.0
56.83239284166094,58840.09322058631,129.59732583385733,15.016647979541375,6.8807777371483505,0.002166990923600383,0.9840636216435016,1.0
63.0,42574.0,409.0,18.0,9.0,0.0,2.0,0.0
45.0,85510.0,162.0,14.0,9.0,0.0,0.0,1.0
77.0,36964.0,147.0,12.0,4.0,1.0,1.0,1.0
27.74011736576904,92212.35359470274,337.4750866103162,11.976727504879626,6.9620946964416985,1.0123044030046582,1.993096374849416,1.0
47.0,70428.0,272.0,9.0,6.0,1.0,2.0,1.0
43.0,58971.67578947369,263.0,2.0,5.425263157894737,0.0,1.0,1.0
69.0,61430.0,276.0,13.0,7.0,1.0,2.0,1.0
79.0,24748.0,312.0,11.0,10.0,0.0,1.0,1.0
35.0,92274.0,129.0,3.0,7.0,0.0,0.0,1.0
35.0,79275.0,337.0,7.0,8.0,1.0,2.0,1.0
43.96828887078686,99059.25781787113,471.4527613593808,5.964258808109895,3.0381864516278223,-0.001904359026679678,0.02624320245003636,1.0
28.08609620126162,69581.20101923167,325.676483809907,9.925347725048175,2.9574155650962646,0.005486902068658102,-0.021263201271721578,0.0
45.56796145738115,21039.67962304961,183.59648464979026,3.046025177977577,6.037025637072086,0.01703504362985589,2.0078494976692625,1.0
71.34466800760389,63703.509701615294,46.89818560851612,7.6957607858233406,3.0166361022905934,0.9954285966613579,2.012550009836939,1.0
62.0,58494.0,174.0,13.0,10.0,1.0,2.0,1.0
62.0,38071.0,358.0,18.0,7.0,0.0,0.0,0.0
66.0,67915.0,431.0,4.0,3.0,0.0,2.0,0.0
48.556735122722976,86980.87308378644,14.874703029294105,12.85982517245717,5.349789489493692,0.9986555066171059,-0.010203084993222613,0.0
24.0,28308.0,56.0,11.0,9.0,1.0,2.0,0.0
77.14293903363998,63754.191944580074,164.33835386109797,1.817902029726886,8.061605248607108,0.0068111914886100685,0.9776087874335743,1.0
57.45412397748173,31749.506912179542,482.24699481953905,17.066448776620145,9.937849038944142,-0.0073069841800002654,1.0328993142299066,0.0
29.0,39198.0,153.0,10.193684210526316,6.0,1.0,0.0,1.0
79.0,72736.0,305.0,9.0,8.0,1.0,0.0,1.0
79.0,52093.0,142.0,2.0,5.0,0.0,1.0,1.0
42.0,77091.0,369.0,11.0,2.0,0.0,2.0,0.0
66.0,21062.0,339.0,10.0,5.0,0.0,0.0,1.0
63.50796542299313,47543.31489750657,460.6207454582899,8.92242334612897,7.018827323994713,0.9984479572154246,0.9941079651216169,0.0
36.34697188234818,70596.35226586953,165.40665172509145,10.936218722592253,6.049297069491462,0.9975670187861537,2.0231204979420694,0.0
78.27940384012818,24863.505210305626,316.58903342447024,10.89026598725348,10.000790244521479,-0.003350195554095508,1.0166423945603074,1.0
49.0,91726.0,387.0,19.0,1.0,1.0,1.0,0.0
44.0,99104.0,475.0,6.0,3.0,0.0,0.0,1.0
64.29433239747796,99108.09591333142,297.23226638602637,8.966432467853496,5.1156896713559625,-0.019619333408522288,0.9875702029747698,0.6189473684210526
72.0,85545.0,34.0,7.0,6.0,1.0,2.0,0.6189473684210526
57.0,73330.0,370.0,13.0,5.425263157894737,1.0,2.0,0.6189473684210526
23.21853580507774,93382.85249317689,208.56770809303123,11.979448516615731,9.957739802748728,1.0035238061601346,-0.006803085012967055,1.0
59.0,67295.0,32.0,13.0,9.0,1.0,2.0,1.0
49.75578947368421,58971.67578947369,300.0,3.0,7.0,0.0,1.0,1.0
44.9459910836259,47731.215497382844,58.97740731800171,1.9677979321038512,7.043373300346775,0.9923027556349249,-0.0054533939377797306,0.0
61.0,93523.0,333.0,4.0,4.0,0.0,0.0,1.0
47.0,65543.0,233.0,15.0,6.0,0.0,0.0,0.0
65.2441141926531,59919.17530044262,296.9823820659949,0.9702145633645698,1.9965567241021942,1.0021463743930905,2.0228716725004254,1.0
34.0,27543.0,113.0,10.0,9.0,0.0,0.0,1.0
54.0,70448.0,29.0,19.0,8.0,0.0,2.0,0.0
79.0,75123.0,490.0,18.0,3.0,0.0,0.0,1.0
77.77941865561841,40533.370247655184,218.86438888244436,12.112479819399477,10.030291867755313,-0.008607841462294154,1.0122186443279182,0.0
26.0,66540.0,188.0,18.0,4.0,0.0,1.0,1.0
20.0,97575.0,238.0,6.0,1.0,1.0,2.0,1.0
54.92805481951835,20611.407015533845,401.29844727912484,5.093212284822045,8.049146045215851,-0.005493464145734502,0.9999948183090009,1.0
48.925944920925865,58281.81788949249,159.06288331582425,6.804713264692473,5.0962761438862305,0.005948195586991444,0.02343332132628985,0.0
34.19467087134725,58458.52160252266,397.9702620427161,10.029013720159737,7.029593508925485,0.009150673554990855,0.029093814096688934,0.0
19.0,26254.0,17.0,9.0,3.0,0.0,0.0,1.0
65.30270057269699,35164.511677913135,445.99447934050335,18.944522752143005,1.9718206540137806,1.0091813044294191,0.002815963379249028,1.0
41.28146886403486,54838.38549011849,241.02395720106725,10.011796359555685,6.133577177745882,1.0070425801272,0.992011842621066,0.0
44.0,88027.0,203.0,11.0,7.0,1.0,0.0,1.0
64.0,99459.0,298.0,9.0,5.0,0.0,1.0,0.6189473684210526
58.0,62918.0,219.0,5.0,1.0,0.0,1.0,1.0
77.22207737194937,67736.43699160032,166.69110871156144,10.989732702028471,4.03850923352269,0.009511136365483919,0.9819580854283483,0.0
61.674926174767826,35075.51113820813,401.5424667965655,17.947431050728685,7.930372781469987,0.9876791147956425,2.002610952679127,0.0
49.459370332684564,55966.68834857272,336.3580564504566,19.05323834919612,9.930659822434398,0.9992607852069931,2.0060728681611577,1.0
33.11483129969766,81627.870190776,383.95471697695024,5.030065520520785,6.901656730161852,0.011793090394909852,2.0075686735383234,0.0
24.0,58971.67578947369,154.0,17.0,4.0,1.0,1.0,1.0
71.0,24835.0,380.0,14.0,5.0,0.0,0.0,0.0
52.87805364117639,43681.31386523913,387.7123542187304,14.932727128992743,7.951850121264333,0.9936486174646058,0.027248474945919945,0.0
42.7704503273554,76397.41826726391,170.9477958654066,6.944902683973287,5.051280961859013,0.9976546219658577,1.0114433811887267,0.0
69.30805725602646,45481.7707119049,110.2243247927258,18.121001894073174,6.913393996435063,0.005579426209629056,2.0174895859178146,1.0
57.0,90316.0,40.0,17.0,8.0,0.0,1.0,1.0
58.0,23373.0,14.0,2.0,2.0,0.0,0.0,0.0
76.0,38017.0,161.0,15.0,9.0,0.0,2.0,0.0
68.0,42700.0,142.0,3.0,9.0,1.0,0.0,1.0
29.168601552048447,52468.116212350295,477.16111234522396,12.137219016033619,3.982409344824802,1.0088993345033257,1.0018073649800194,1.0
62.960030882869,55813.51665431226,241.41208784516851,11.057862508139634,3.048121807173155,1.0122265160297639,0.002895636694288424,0.0
77.0,28335.0,95.0,4.0,5.0,1.0,1.0,1.0
33.0,86387.0,251.50315789473683,18.0,1.0,1.0,1.0,1.0
61.987648687990294,38120.35234882402,364.5740889919176,18.031113127503087,6.987343307495045,-0.007339148060250529,-0.0032092142404910855,0.0
32.67115191106613,29190.91287379492,428.6761271785657,17.012775297162023,3.9501361158202086,0.9939546866980586,-0.02136195398072684,0.0
43.0,56939.0,166.0,5.0,1.0,0.0,1.0,0.0
49.0,90340.0,300.0,16.0,2.0,0.0,1.0,1.0
32.2756340851675,96854.93767855526,251.35061212538642,13.13693959089407,5.436278146744092,0.006224915515355696,0.02372743415882894,1.0
76.33945758279606,66486.16529689377,54.03493273269097,9.96741513426192,4.048851366546538,0.004996877878564564,1.0275415826816563,0.0
44.42615553522007,78189.31603554869,292.1318692065283,2.0640864288019434,3.9899663189661525,1.0148114071957073,0.01148435175603175,1.0
26.25405915493511,85216.66198916444,422.5733017414271,14.12368890548426,8.084900288808834,0.003160444275940019,0.02198033154620931,1.0
50.39837263172669,47077.05333719462,435.80341551654953,6.042391787176264,7.038364222181025,0.001997399470648973,2.022901694070904,0.0
57.111817025926975,89874.98589498436,38.67642177468612,17.065694839522585,7.889053896932443,-0.02218517475407408,0.953214419685841,1.0
39.730871571138316,58970.05054060795,90.61458259291061,10.292945841903881,7.969573148473161,0.9834569635449599,0.9833054990992114,1.0
79.0,76179.0,309.0,3.0,5.0,0.0,2.0,1.0
52.18305014706322,45189.93036382922,321.3138937009418,11.014886572175643,5.936425106112337,1.012567057353086,2.0338129853154046,0.0
29.0,52479.0,471.0,12.0,4.0,1.0,1.0,1.0
40.524968479444944,89829.40214799461,331.0710231592464,17.184886816538587,4.034161231275631,0.008330399385484806,0.9943683980901525,0.0
52.0,70517.0,457.0,16.0,5.0,1.0,0.0,1.0
53.0,28716.0,252.0,2.0,5.425263157894737,0.0,0.0,0.0
39.83428175666649,39167.33558794321,161.54049636442164,17.979831655926933,2.9577708811752452,0.005470717400705949,0.021901397499208438,1.0
79.0,59734.0,419.0,5.0,8.0,0.0,1.0,1.0
40.180919130058,25921.750472376018,249.8352120332856,18.693778089058963,9.130878470540189,0.9993139016578454,-0.0013360662317061566,1.0
71.1366600502446,72218.40369377407,233.8131863994145,8.032081413919672,1.096867688923725,0.009962189527589906,0.0024039264262672258,1.0
69.79992409572326,30987.787067704663,396.54134753512244,5.987320807110351,2.9892685969099277,1.003277638588756,1.017153420936088,0.0
76.64925412741069,87096.3807194141,390.658534810528,7.905674007611976,1.9962805980969034,1.0046650635554824,1.9978912181383566,1.0
69.0,26371.0,364.0,18.0,1.0,1.0,2.0,1.0
66.0,81529.0,10.0,7.0,3.0,1.0,0.0,0.0
61.82729556377328,46797.96004911692,249.21822394448895,15.073884686059438,5.1162534683878,0.9940785300835651,-0.012146789935540659,0.0
49.821027124676625,73782.95965801468,205.844462688868,17.9782109340128,3.9265818721556216,0.9933245601454483,1.9840663908085001,1.0
61.0,57080.0,292.0,9.0,2.0,0.0,1.0,1.0
55.0,98657.0,229.0,13.0,2.0,1.0,0.0,0.6189473684210526
64.81132113557861,36710.93833150857,46.546844731724164,14.93796583975831,9.037762582961827,-0.009485817737895648,1.9516071938089334,1.0
55.0,30478.0,191.0,10.0,6.0,1.0,1.0,0.0
22.33986342138022,93844.82621103595,125.65608719446445,8.131420727468,4.953945223939799,0.0077713310861254855,0.9792658861011101,1.0
66.0,93963.0,294.0,3.0,4.0,0.0,2.0,1.0
79.0,54578.0,263.0,2.0,9.0,1.0,2.0,1.0
66.0,35338.0,450.0,19.0,2.0,1.0,0.0,1.0
69.92137351418062,66920.69423290234,396.6099449604752,18.009329231882475,2.0491258593558337,0.9974123691508436,1.9779180651584851,0.0
49.75578947368421,59764.0,87.0,8.0,1.0,0.0,2.0,1.0
58.0,21062.0,251.50315789473683,13.0,5.425263157894737,1.0,0.0,1.0
52.26954010573363,59330.475957172435,481.0795493611544,11.9842458940806,9.002100471108442,0.9942984983508801,1.002179374074366,1.0
67.1106286536667,41667.87649007824,54.79937701529315,2.9326997256792047,7.0586845750478,-0.005480753834398665,0.9914198708979247,0.0
61.509790933900916,91564.74258237002,225.13364748587193,15.042679886183912,1.9470458197504865,1.0024922064763848,0.9842682815360609,0.0
57.08670997783952,73634.43794963864,370.00833181231025,12.804017943743464,5.448570800428711,0.9848389247298196,1.9959910449925116,0.6189473684210526
49.75578947368421,58971.67578947369,132.0,14.0,6.0,0.0,0.0,1.0
58.99323355971067,56827.84604213571,148.4230647822949,16.104203990544914,10.067100647580949,1.0121752949573792,-0.009809422668089467,1.0
66.24557041734352,93686.54661556405,297.27299514301643,3.135838357209896,3.9651601214867123,0.004084631642688712,1.988287381886866,1.0
32.54193194747294,77211.97784461951,119.23042674146626,10.999648572714305,1.982949362084411,0.9938797924279612,0.031183513560997633,1.0
57.79510953168116,20416.520366499306,252.71928444599803,13.118074611477363,5.41367426186425,1.0026996209089625,-0.003612026288109191,1.0
52.99564229326742,32156.464827674485,298.1870795288539,6.073755819720201,1.9837241879216285,-0.017032705160795476,2.015094981225486,0.0
24.29277348825802,89557.99300234624,179.3256208496972,11.915617600108325,4.975074762885274,0.017580000998090105,-0.004105549719459719,1.0
76.81123448181164,58953.558938526476,124.72888795344696,12.979701599521846,2.0378332814728575,0.9818003894936904,-0.007508866679527314,0.0
40.0,91180.0,48.0,1.0,2.0,0.0,0.0,0.0
49.79859365489696,37435.20362246775,329.1173703002198,7.8756606549659205,5.470187044565933,-0.004498541080249336,1.9963248427600349,0.0
58.0,90640.0,490.0,7.0,5.0,0.0,0.0,1.0
48.800673636978246,90107.19167006288,302.71354431154595,15.993682579878536,1.9447412461092468,0.02692083648868395,0.9845060093382502,1.0
19.693533634557685,95395.3297436479,379.504805202331,5.073765132628994,2.0799283163820945,0.9978786589055493,-0.008843123967501748,1.0
67.82769745908983,43887.572392006055,138.6912556638175,3.143057397148562,9.02013288988553,0.9954849985468485,0.002446351975954882,1.0
74.0,77679.0,305.0,9.0,7.0,1.0,2.0,1.0
61.0,21324.0,78.0,3.0,1.0,1.0,2.0,0.0
42.69868970932523,59292.41814725606,264.50456353507417,2.0295025468227545,5.401497555754827,0.007565217094354173,1.014751083956928,1.0
31.0,29823.0,385.0,10.0,2.0,1.0,1.0,1.0
73.0,31314.0,251.50315789473683,10.193684210526316,3.0,1.0,0.0,0.0
65.0,95697.0,248.0,8.0,10.0,1.0,1.0,1.0
43.551346092110286,47599.49271212985,325.90506032564844,16.71847634400401,5.9929380988899545,1.0175485642330804,2.009965301484893,1.0
57.32572286766401,98624.76400278363,284.81814562379736,17.01837521393922,4.971866244038353,-0.013187818068881607,0.9990651907352657,1.0
49.796181771789946,49783.167998999495,191.36527590046933,9.85354139380133,1.9044487612482455,1.0087420857281397,1.985765161268919,0.0
17.972565291901223,86079.399977743,24.285022421691494,0.959200995537578,0.9822912806232377,0.002603503877327025,1.9782417388133215,1.0
70.0,31938.0,370.0,18.0,5.0,0.0,1.0,0.0
74.0,99634.0,234.0,3.0,3.0,1.0,2.0,1.0
75.0,57841.0,152.0,3.0,9.0,0.0,2.0,1.0
46.0,89836.0,297.0,11.0,4.0,0.0,1.0,1.0
38.238286168212454,99231.2421425559,337.2183363494907,5.9615075428899,9.014588267272417,0.9885271347855971,1.9811511961744654,1.0
46.0,92592.0,24.0,3.0,7.0,0.0,0.0,1.0
50.576104551362526,81565.36392490561,320.6854338967916,14.895175289364898,6.0709596562628585,0.0017177872043632047,1.021948381727384,1.0
34.81961699494524,76569.52026712554,160.2567878049957,7.009669178663456,5.396138644700438,-0.011673675964393912,1.0203189014826037,0.0
47.84667637046409,34997.95609830384,297.4736651709447,6.007855911555827,8.068420476804326,1.0089503957834631,-0.014943708785932796,1.0
56.0,98069.0,327.0,5.0,6.0,1.0,1.0,0.6189473684210526
75.78950416928978,76354.01742915931,302.9750567085342,2.052980326110797,0.9898571122931403,0.9916723781821289,1.0059744325625204,0.0
42.0,73006.0,71.0,4.0,4.0,0.0,1.0,1.0
77.0,87661.0,390.0,8.0,2.0,1.0,2.0,1.0
75.12327489975411,58349.23835368026,146.10980842094233,3.0339295185218713,9.09198917227287,0.0151874796944768,1.9939009095613873,1.0
54.0,87641.0,365.0,13.0,9.0,0.0,0.0,0.6189473684210526
21.0,95672.0,253.0,19.0,10.0,0.0,2.0,1.0
19.831002631801564,72308.2579260055,482.0932288842868,16.10156034417241,7.950237806033023,1.0024123680434893,0.007290140133124066,1.0
19.547271708589665,34256.30764074133,188.30485500310672,2.869374102624406,1.0684397735605398,-0.014480803984685518,2.02812456219817,1.0
76.50118648473658,59578.648357706814,291.87352613478856,13.930417239324875,6.98544475231886,1.0140996158086895,1.9940855607254926,1.0
72.01621559541009,45473.17907800054,46.75852114556693,8.997977577264939,6.8909229769987945,1.0056268229402547,0.982310134417616,1.0
25.17503709037098,62546.85151915129,138.14623772130568,16.000668836666996,1.9485365813894853,-0.021298148849124815,1.9867378022854076,0.0
49.0,33843.0,296.0,6.0,8.0,1.0,0.0,1.0
76.3172534227829,72286.21040966787,9.478424339298579,6.969609798055947,9.969874513723434,1.0065129215546855,-0.019192000387731632,1.0
61.0,65445.0,322.0,8.0,5.425263157894737,0.0,0.0,0.6189473684210526
50.0,44071.0,452.0,14.0,10.0,1.0,2.0,0.0
56.0,37955.0,72.0,18.0,9.0,0.0,0.0,1.0
40.09998390344418,40127.34545299985,429.9819492291517,13.033239901471525,0.9669181732130587,-0.004559599228093708,-0.010369802809785755,0.6189473684210526
28.08093590865172,31186.514148511476,336.18607128794105,16.002522295256092,5.0091221700641775,0.018086680850141583,1.0139881658119363,1.0
27.794723313990225,73913.18034266612,61.93916784172562,8.998494892153502,1.0573177486792535,1.003828538786232,2.0022971977436756,1.0
61.11531714623973,93562.06410182857,331.28889148634676,3.98956961936029,4.045682497330488,-0.015854238286584103,-0.02265925995358751,1.0
50.12160528615652,43649.4332611023,397.5606672160749,16.915685180505637,3.9872436042319306,-0.005260622133065361,-0.013483439071566457,0.0
42.0,80004.0,68.0,15.0,4.0,0.0,1.0,0.0
76.0,38888.0,431.0,2.0,9.0,0.0,2.0,0.0
50.0,58756.0,134.0,10.0,6.0,0.0,1.0,1.0
74.82361315472218,33945.861637081325,248.75154902826068,4.053436554671742,2.980160092756091,0.019534680702572416,1.982652279434575,0.0
38.274390412772746,44472.66487678059,299.23129493799985,6.05172791906121,5.368808290123247,0.9954462117357661,2.0222388746154456,0.0
74.30331700673713,50812.62273667798,376.45417113059284,6.178149000325305,5.463261954426467,1.0085367472146807,2.015493824822823,1.0
50.23361812261938,64745.87326859216,112.1114851565125,10.1187107673845,3.0308771954611675,1.0055305605086127,0.005173627241714011,0.0
74.0,37100.0,198.0,14.0,3.0,0.0,2.0,1.0
46.0,54674.0,20.0,14.0,5.0,0.0,2.0,1.0
46.0,20384.0,189.0,3.0,6.0,0.0,2.0,1.0
32.0,52307.0,448.0,11.0,10.0,0.0,2.0,1.0
77.0,58971.67578947369,295.0,14.0,7.0,1.0,2.0,1.0
46.94308988845205,66079.41271335336,235.07652543037344,15.095723791125462,5.92437231927082,0.002204636271366095,0.0012745809068404753,0.0
31.091642842213208,23808.54845281878,490.29379792525407,14.033646556524094,3.981805666932048,1.0089674974096792,0.007443709016686396,1.0
25.0,53496.0,23.0,12.0,10.0,0.0,2.0,1.0
65.8029977908828,25379.04471281373,14.52787484402962,4.109981289657455,6.027665630501227,1.0113521953715128,2.0003108798696165,1.0
78.0,41689.0,127.0,2.0,9.0,1.0,2.0,0.6189473684210526
39.973510289412374,48337.9251733912,49.23547094015926,14.97371906191489,2.0333961533918665,1.0127442530662762,1.9691117103226001,0.0
66.0,86203.0,429.0,19.0,7.0,0.0,0.0,0.0
36.0,77043.0,318.0,14.0,10.0,0.0,1.0,1.0
42.0,93477.0,96.0,10.193684210526316,4.0,1.0,1.0,1.0
42.0,90588.0,325.0,17.0,1.0,0.0,2.0,0.0
56.0,79163.0,106.0,6.0,10.0,0.0,0.0,1.0
40.0,94460.0,237.0,5.0,7.0,0.0,1.0,1.0
62.0,75645.0,478.0,12.0,1.0,0.0,2.0,1.0
20.0,72224.0,482.0,16.0,8.0,1.0,0.0,1.0
21.0,78243.0,264.0,15.0,6.0,1.0,1.0,1.0
71.90413833987641,42667.743257999835,131.35366256356448,6.951541012104237,5.42395916646061,0.991110728671541,2.0086272799036293,0.0
57.55600767313847,72210.76910850302,56.133051242198704,7.91218147806447,5.066024525305852,0.00820054621796616,0.03206779470079632,0.0
49.37590354037641,64388.51473443031,354.1109057001093,5.836403701379073,5.928047217005586,0.9958395241502996,0.011267395381966914,0.0
36.947673321824645,43679.6635941556,378.0779650487133,2.037648186704127,8.031846875381996,-0.0029973242306400084,1.9778288221132685,1.0
41.66758830262603,81723.90902795442,277.271218690687,12.04416313607683,1.9488287880925392,0.013878480175761763,2.001290878421722,1.0
32.0,47350.0,388.0,5.0,1.0,1.0,2.0,0.0
60.885402492965525,23300.07665510794,94.6421108885819,13.044115024051465,1.0857632502282095,1.0094097851686168,-0.016869016025766497,0.0
42.0,25569.0,485.0,6.0,10.0,0.0,0.0,0.0
19.758986388801663,52173.54376640523,325.85007441416906,18.00858555171364,1.9742877334958862,-0.004870310517734691,1.9742050307485555,0.0
75.51284092501406,39406.29508644016,225.9850725337024,11.004540904658816,4.019249501194275,0.9979421318966389,-0.003562705235680267,0.0
56.22556417319038,64695.207546937134,36.4834941627745,4.8316720050694135,1.0404595808135904,-0.0053078358846498,0.00313009758346804,1.0
53.45462922832354,43126.65200133751,485.9219546425963,12.052159619444069,5.3744645779357985,0.007576544796263782,0.9862548261718644,0.0
79.0,48295.0,124.0,9.0,4.0,0.0,2.0,1.0
68.46511394078911,21164.962083875904,307.7629859243013,13.147073373924567,5.002817455088369,-0.0021796897585790046,-0.03514057256872893,0.6189473684210526
20.733669852428225,78368.8777231491,266.5379312715381,14.943484134711614,6.015031644524218,1.0184795670393334,0.997571224631607,1.0
79.75511601814634,53150.74470848531,463.54651304538186,7.931882369824827,5.919654018890036,-0.004656412479899563,1.0105502983781824,1.0
73.4546249847166,59071.88918100531,84.07708422861938,9.027819463240904,9.033591907432383,-0.0008057131631395503,1.0087884361859283,1.0
65.02402475694554,95784.56172601598,249.38908871009704,7.950834907625679,9.926558372432224,1.0129541464024143,0.9912088816492046,1.0
49.96460784083136,59690.42573021494,304.46794317283553,3.1950914984611987,7.00124384952964,0.004096182449077429,0.9976972384809826,1.0
50.52194540789276,59749.05510315499,91.0241083209306,8.136459937108047,1.0618660474884374,-0.00031047976284659547,1.9722034468982867,1.0
75.67017505696242,41472.30685007095,116.52719772312558,13.17079139340265,10.024180523191045,1.0062930750656027,1.996066552646631,0.0
50.0,43386.0,394.0,17.0,4.0,0.0,0.0,0.0
45.460857290698534,59350.92357558815,251.1365792698982,14.068307701508846,6.956482995571307,-0.013678323415749212,1.0008632801834396,0.0
49.948845847336,74373.12530739153,357.53596525960023,11.153874926450078,7.051909629608207,0.9867800856362,0.9922172919276362,1.0
66.0,72638.0,251.50315789473683,16.0,2.0,0.0,0.0,1.0
49.95369186059826,59452.35642263627,259.48857534572437,17.897191820944233,0.9390887183224172,-0.019269925588519726,0.038325737330417844,1.0
25.0,24432.0,320.0,11.0,6.0,1.0,2.0,0.0
41.0,23812.0,23.0,18.0,3.0,1.0,1.0,0.0
79.0,50977.0,329.0,19.0,8.0,1.0,1.0,1.0
30.304728015979784,31653.019848104854,327.3510254427306,7.950541944173839,10.025588711658505,-0.002439943699831629,1.0117671520691964,1.0
72.0,45289.0,47.0,9.0,7.0,1.0,1.0,1.0
28.724943870392387,40104.88332989826,150.57978943881798,10.150900635995972,6.068422106129013,1.012285469579458,0.002165121436188977,1.0
25.062119132921435,35802.48669120741,82.11858086453738,7.169199450831808,7.035345289993014,-0.022047880047809686,0.009455558477232576,1.0
51.70971438633352,69581.61108713904,457.7691459838626,15.961797678360792,4.9957948857931544,1.0058182124695012,0.010047876984881503,1.0
76.0,21252.0,266.0,17.0,8.0,1.0,2.0,1.0
77.659994917575,46260.94085125225,349.980185392804,18.85632194812273,4.095195299728397,1.0127190465497378,1.9569976736544559,0.0
56.08716520584817,32949.49538028137,187.19516176458237,8.942853952076792,6.027241179229767,1.014764134114562,-0.01695502854054621,0.0
45.0,75129.0,143.0,15.0,7.0,0.0,2.0,1.0
18.30539855250876,53794.58323065092,443.3586639117202,3.8482057098849842,1.025582523229528,0.9964820282863389,1.0248356302089439,1.0
31.004626396886824,36277.975004076594,482.3692366711975,15.126758960965685,2.910990031460998,0.003495267020800165,0.975769552921121,0.0
65.0,40309.0,452.0,10.0,5.425263157894737,1.0,2.0,1.0
22.18571980577514,55630.816235758444,366.36146717533455,10.317342566924637,0.994283183583268,0.00015612824306899197,1.9981718718095542,0.0
33.0,91774.0,256.0,19.0,5.425263157894737,0.0,0.0,1.0
64.95924387093278,40507.30424765168,392.28350531902703,18.058416028142542,1.01147558979024,-0.0028734611721923215,0.03752304236566367,1.0
31.370897800221105,65026.33903422889,149.7856364411318,9.898509257440946,8.999960767860943,0.015628618372016075,2.0074539825533746,1.0
33.0,81877.0,388.0,5.0,7.0,0.0,2.0,0.0
41.0,81642.0,337.0,8.0,10.0,1.0,2.0,1.0
29.572904650106715,62577.536601465945,453.2240240148503,5.903422341685992,6.089538800773743,-0.025286677307723465,-0.0028545852384600804,0.0
57.7984971665776,23316.252510499442,11.936821000522064,2.133409330186059,2.0616956791958856,0.006976570748532856,0.021777595602051125,0.0
41.62200588651291,95281.71634380973,75.41400212065287,11.932978567147625,8.037253722292368,0.0019722266730558677,1.9714015509330298,1.0
76.0,66427.0,322.0,11.0,1.0,1.0,1.0,0.0
58.0,57441.0,184.0,14.0,5.0,0.0,0.0,1.0
71.0,26941.0,328.0,14.0,5.0,0.0,1.0,1.0
45.0,60262.0,308.0,10.193684210526316,2.0,1.0,1.0,0.6189473684210526
78.17935230135,64898.339715178794,419.11641233686004,17.931914585993894,5.385634297682561,0.015204696653923554,1.9907390845206567,1.0
23.46452186696743,44298.50616807627,26.02831763452309,10.165718530351066,10.036869648343085,1.0183191057666805,-0.005971156850641153,1.0
46.0,58971.67578947369,251.50315789473683,14.0,7.0,0.0,1.0,0.0
45.0,73932.0,72.0,10.193684210526316,1.0,0.0,2.0,1.0
24.916688240535144,64797.23833814563,360.0763048873735,3.9527993144440505,2.0118092470132622,0.9917488064814023,1.9779386131712235,0.0
40.56202782678655,45507.73838550261,306.91792548694895,0.8888235503492476,2.9187488061653295,0.00397786674163164,-0.0044212767695279015,1.0
34.61515828897369,92669.813072879,124.18364035799212,3.0537565339503705,6.9974857566294855,0.0009333943552515991,0.01098421399434689,1.0
29.376613787968825,37613.27024130543,104.3948025384495,13.11465762019472,2.062251093670037,0.01577561348589914,2.0073379006897563,0.6189473684210526
63.2216255153504,32035.94937634887,397.9299300997049,1.046626738712695,7.074216140115993,1.007503143874852,0.9581687522132266,1.0
70.26755649671519,32039.003000209064,372.87386648465076,18.11960297884991,4.9894235321673515,0.01455308755151644,1.0273463726688221,0.0
51.643275088343756,58714.18940467015,479.9126936202778,4.930159367534566,4.014464430731152,-0.005130153254464567,-0.0027361355623020003,1.0
21.2171849391095,95463.44920575705,250.9328019822155,18.842356718271777,10.013852617007727,-0.010037003988781552,1.9830551560814906,1.0
52.27819204574257,64301.963535647825,188.0426135395971,3.0446053342168184,2.0824879720043383,0.9921551493047335,0.007764859421562088,1.0
27.484735532930703,65236.45549228051,478.01423152853516,2.1318150496003723,5.973488623425171,0.9941134090641811,-0.0046978707219178335,0.6189473684210526
67.70138550810417,51997.02141193186,148.93010166954255,10.288827970352282,9.973633493468574,-0.026348179325249483,-0.009177313028738648,1.0
51.63163500338838,25332.059568735298,92.0425867076944,16.326775631187783,2.0132549005675338,0.9976352816182987,1.9937837286199953,0.0
60.893605739201426,94013.76799099454,393.8289719080356,6.121299853585793,2.0666544215910267,0.009965071139555352,0.009135903892729837,1.0
18.753445512048,48007.11919712833,210.72950604778825,8.92168739770673,9.02892958359155,0.9915187066397051,1.982236458208236,0.0
67.0,64078.0,338.0,10.0,6.0,1.0,1.0,1.0
74.0,33116.0,150.0,16.0,6.0,1.0,2.0,1.0
49.02071211146296,31590.86539052816,303.6124747850228,9.053520082996824,4.964483352753427,1.006218505441478,1.9938495035494026,1.0
50.0,64811.0,113.0,10.0,3.0,1.0,0.0,0.0
60.80629507108394,33058.66339538493,335.7253677671794,1.9612371409377678,6.832821299105232,0.009214763202430061,0.969112943329741,0.0
61.0,90313.0,444.0,19.0,9.0,1.0,0.0,1.0
59.26276479752303,23428.01399571232,216.60606587041872,10.99713450572328,0.9615364228535674,-0.007093295379431591,2.010080419885956,0.0
44.0,20728.0,51.0,5.0,9.0,0.0,2.0,1.0
24.104282483719686,60132.62088853796,158.49142206413055,17.03525084002351,3.9302295544832333,0.9934239750888655,0.9828438538573641,1.0
65.68032168874853,77170.15219011648,369.2581668439106,6.056891869451733,6.897783723830464,1.0014120730914047,1.9739489258210547,0.0
76.89728806845991,78229.67433303274,445.0717057901789,18.973959319315156,9.007938864444496,-0.0023044330355380333,0.9648345380429749,1.0
44.49918934219425,75039.68368284978,74.55565549342921,10.103477863616126,0.9522314453617393,-0.008369670719634287,2.0262755003130373,1.0
50.53583726947093,80232.09149680697,17.093270835038982,9.064732576386348,2.9721522337436133,1.0032394271139065,2.0114876486113413,0.0
44.76814437099422,74360.89672559939,150.05630722509403,14.968425842977453,7.049419659778929,-0.008795039834748058,2.03157554312166,1.0
46.0,79101.0,314.0,6.0,5.425263157894737,1.0,1.0,0.0
41.574359896727856,36748.91779976827,297.2413418335145,8.092067445588945,8.994285011065092,1.0025529366455124,0.9912557381817798,1.0
44.0,75771.0,405.0,8.0,4.0,0.0,0.0,1.0
74.1796870484157,32834.11945431648,148.40892182080975,16.00729546666083,6.10942786525235,1.000434993180768,1.9724357006760247,1.0
63.06782945838607,30036.177891251547,418.72509955039294,12.048575579043243,5.965803005202396,1.0261986856005383,1.9878907168420068,1.0
76.84111886150403,28172.153786032388,95.28823477688451,4.061100255560446,4.911518040256543,0.9898367552432461,0.9932322133021615,1.0
61.0,75658.0,312.0,3.0,7.0,0.0,0.0,1.0
74.2176496547588,99748.77937549088,234.7130238086622,2.913885913192357,2.9831838653734426,1.0038947673409964,1.9870528429534258,1.0
50.09397394156301,96011.467918736,422.0875412997075,3.9506527849317186,4.0492868404664435,-0.0038488598847956795,0.014233732825686905,1.0
60.0,43625.0,193.0,9.0,7.0,0.0,2.0,0.0
53.0,90173.0,297.0,10.193684210526316,2.0,0.0,2.0,0.0
79.1270349998544,55059.29233828345,146.22382874129107,17.022203010219627,8.954021507485631,-0.00031428079653049673,0.9800606971296258,0.0
52.0,75479.0,171.0,8.0,9.0,1.0,0.0,1.0
69.58085259018029,58397.21529841462,37.69576213534691,1.2260892385647557,3.901526489585884,0.9996639929272119,0.9854906083208894,1.0
73.74435965628916,36812.29009318523,194.26116171513107,14.100962516662271,3.0383952432078165,-0.006076608219587536,2.011215554124235,1.0
59.0,74693.0,420.0,13.0,4.0,1.0,1.0,1.0
60.0,30729.0,13.0,14.0,4.0,0.0,2.0,1.0
78.84342121420202,72453.15018937724,302.98809688657076,9.012830960821264,7.972085514210393,0.9948375253577568,0.003823353421658318,1.0
33.42801743762896,27425.888002391097,112.58955130816942,9.991705879035935,9.009597257028595,-0.008473349108041615,-0.001636980802081018,1.0
75.37419669682464,38747.33743852745,96.24282954691927,7.203948856504275,2.9815034367832953,0.00985102050861865,1.0181932213489078,0.0
79.02143140847352,51103.304997928106,331.37990579976065,19.09197000707343,8.002265536361943,0.9979857954574405,0.9950299701497526,1.0
17.764519896865973,24460.361854441733,253.0595035473296,15.098968212353041,7.97746397480768,0.015536121632213542,0.0030513107254778195,0.0
78.83609325504851,52353.34022020969,143.784305918832,1.8960247997697584,5.000011464383065,-0.013771315218888719,1.0191472363990983,1.0
61.38747573807131,56996.99778927984,291.64490001717456,9.113097811269727,2.073155490093522,3.694368134436022e-05,0.9836809010204939,1.0
56.171675699261314,79383.77635538831,101.70419248610492,6.03377986090318,10.076009306364059,0.007316125239920454,-0.005464447586199013,1.0
61.0,99605.0,453.0,12.0,9.0,1.0,0.0,0.6189473684210526
71.9925626924025,85348.9814466821,35.467521255306316,6.812215000817488,6.110492384578365,0.9990456942960744,2.018184935877748,0.6189473684210526
36.61651157137556,56065.807950778755,156.5979038137926,9.084153842870744,3.9667568711345313,1.01341002686247,1.0206429850446255,1.0
50.31252864719999,49276.15502511471,266.4906173074858,4.858721031749924,8.010924606998719,-0.0005018690647780907,2.026957336688875,1.0
49.75578947368421,65002.0,358.0,6.0,6.0,1.0,0.0,0.0
46.23046370977692,55146.05046527693,79.16310760439599,8.91479003059063,4.956126776075225,-0.003311915083090871,1.9931674746559869,1.0
64.0,89678.0,251.50315789473683,10.193684210526316,1.0,0.0,2.0,0.0
75.0,75609.0,378.0,2.0,6.0,0.0,0.0,1.0
65.86289582764479,86483.00990334403,428.15447034752725,18.927888962318463,7.025611889402556,0.004792723866364119,0.00915271546751198,0.0
57.7994127669566,24712.461109618525,346.46614136083826,16.97832601412557,9.963440574313397,-0.001589891043975871,2.0296748468235033,1.0
47.0,43714.0,168.0,3.0,5.0,1.0,2.0,0.0
26.0,85953.0,98.0,15.0,8.0,1.0,0.0,0.0
19.0,30966.0,251.50315789473683,7.0,7.0,1.0,2.0,1.0
32.701206058860954,99726.99986001948,124.85433806599279,12.100482877459978,1.9466403985329124,0.9776255834221004,2.0357654800508134,1.0
28.0,92124.0,339.0,12.0,7.0,1.0,2.0,1.0
59.0,82981.0,224.0,1.0,4.0,0.0,0.0,1.0
29.413882626649173,44789.3043186342,413.0121849229611,9.93515521208702,9.962588659018785,-0.0017671180291262709,2.0145603450465326,1.0
36.0,79494.0,485.0,7.0,5.425263157894737,0.0,1.0,1.0
40.0,40159.0,433.0,13.0,1.0,0.0,0.0,0.6189473684210526
38.0,89724.0,258.0,10.0,8.0,0.0,1.0,0.0
54.09845347620591,66645.01541611293,163.93767239656444,15.168230629341114,6.9537613699991745,0.9899180110137277,0.9834439517156137,1.0
25.0,62318.0,140.0,16.0,2.0,0.0,2.0,0.0
58.75019202756034,55463.08687621089,429.9902930655847,17.045464798732112,10.034449201281769,0.999571917253913,0.9984395964071159,1.0
49.0,58971.67578947369,49.0,19.0,6.0,0.0,1.0,0.6189473684210526
25.0,58513.0,411.0,18.0,1.0,0.0,2.0,1.0
21.0,86617.0,47.0,9.0,1.0,1.0,2.0,1.0
41.0,26229.0,251.50315789473683,19.0,9.0,1.0,0.0,1.0
75.53014865672432,38863.505423256946,427.06101303777393,2.102657219998217,8.954129326477148,-0.014050711806278095,1.988235297685522,0.0
46.0,32161.0,348.0,3.0,2.0,1.0,1.0,1.0
48.20515332414743,25963.946604922923,401.66916920351235,19.11706885993543,4.987217822460078,1.0126326088284079,2.016152950057828,0.0
39.521514327713994,25901.864788584055,46.43011764073973,12.127162534625244,3.0033182377655994,1.0017514960999094,1.019827633244403,1.0
69.14693129372802,31360.067037562112,462.9382156937971,3.9965393175868873,6.000391059754933,1.0221799751959633,0.008305709333522007,0.0
46.75102024057674,87155.65852670085,412.42825639343494,10.054271433364717,3.026700257941203,0.9947120889815014,0.00258849019894725,1.0
77.0,66175.0,391.0,17.0,6.0,1.0,2.0,1.0
69.29370369044378,59624.46514336559,430.8026499456062,18.167902050709465,10.012738127436032,1.0173823794137724,1.034460296545975,0.0
41.0,49592.0,256.0,9.0,6.0,0.0,1.0,1.0
25.0,27357.0,459.0,16.0,6.0,0.0,1.0,0.6189473684210526
59.0,23051.0,212.0,11.0,1.0,0.0,2.0,0.0
75.0,54529.0,218.0,17.0,7.0,0.0,0.0,1.0
65.0,85215.0,122.0,3.0,6.0,0.0,2.0,1.0
32.0,74098.0,298.0,13.0,2.0,0.0,2.0,0.0
48.63549736920799,91682.66355335889,384.4816714301983,18.833165920178654,0.940699903324743,0.9936864507101545,1.0193732680541439,0.0
19.0,39065.0,139.0,6.0,2.0,0.0,0.0,1.0
49.82457799136272,98845.69618746804,446.81912890349594,2.0119792007591535,3.0541955815526762,-0.005572264122971165,0.9589028329572596,1.0
69.0,93847.0,221.0,19.0,10.0,0.0,1.0,0.6189473684210526
36.77918641134155,79486.5909774902,483.34345317656596,6.824681113885518,5.402371192260955,0.002920896521891273,1.0083582597132728,1.0
24.0,89172.0,58.0,2.0,5.425263157894737,1.0,1.0,1.0
23.628192579800334,81353.11996352882,120.63947716683239,5.019743663891827,6.98952913596262,0.003861870354490381,0.0037828885948945263,1.0
79.02913285751991,48269.30956110815,129.86764992019417,8.954646992233426,3.986323143075041,0.0012350411232727758,2.011918423150611,1.0
44.832074890701755,60339.08420437111,307.49318063590516,10.096264494121717,1.9640467282990113,1.0196189485329241,1.0046874035860165,0.6189473684210526
19.0,47532.0,211.0,9.0,9.0,1.0,2.0,0.0
54.19954109842874,58575.24984173241,310.8254423170431,6.050945584551507,3.989430395954747,0.010905955626033723,2.0070281042735836,1.0
26.0,43960.0,180.0,18.0,5.0,1.0,1.0,0.0
61.022872431413894,21332.3162813928,78.11983799948149,2.944182973494555,1.0785979237153902,1.0101110622398717,1.9860105094804066,0.0
45.0,58638.0,206.0,9.0,3.0,0.0,0.0,1.0
36.0,24621.0,251.50315789473683,7.0,4.0,1.0,2.0,1.0
40.630921990098955,24623.007990551563,28.638853327407624,17.99723798732179,2.9845549022875213,1.0025766161338918,1.0134716074947643,0.0
39.00747368986403,23487.80454879907,133.41171997582893,11.907188259720089,7.023341618857631,0.008138645557279783,1.0068794488463513,0.0
68.9613004309714,57829.14123038362,41.32708949233306,15.082636570367985,0.915712864226593,-0.01101903296843495,0.970365928485724,1.0
66.0,88866.0,306.0,13.0,3.0,1.0,2.0,1.0
54.0,58102.0,312.0,6.0,4.0,0.0,2.0,1.0
72.0,40150.0,444.0,5.0,2.0,0.0,2.0,1.0
54.33137265594107,45759.1858963393,120.16290124063647,17.038258673083163,9.9546408632858,1.0053444048628501,-0.014153381838697524,1.0
79.24181780155446,54226.8757400371,269.046467793751,2.191434598655729,9.055782133374073,0.9951486536482311,1.9993554199992134,1.0
52.0,34388.0,64.0,15.0,7.0,0.0,2.0,0.0
40.38537660109384,94142.2425085836,237.33452170043404,5.0661020175111915,7.039850211397581,0.020115605818180296,1.0036721004695264,1.0
48.0,26168.0,402.0,19.0,5.0,1.0,2.0,0.0
77.21177168949787,41019.81276178167,192.44887439646436,14.00800361223738,3.0431266992867156,0.008448598268070429,-0.014934687771796911,0.0
68.48908449258732,61176.24883545772,277.66618217831694,13.176528286983588,6.9730240402475925,0.9925368502213616,1.985579185255286,1.0
65.0,61975.0,146.0,7.0,6.0,0.0,1.0,1.0
31.482583973539146,27620.90094639704,144.93735466556294,0.9707016068809731,3.9677349087246183,-0.004079568743930329,0.005312534744785191,0.0
28.0,73413.0,64.0,9.0,1.0,1.0,2.0,1.0
69.0,38070.0,207.0,7.0,10.0,1.0,1.0,1.0
54.50892553562636,30797.567805809438,195.39658997071575,10.048707131806895,6.045735034625767,0.9977053232197554,0.9789161856696339,0.0
37.42838639755813,99468.75854909205,377.7237831499323,4.9347315712381965,4.1103178629744495,0.0073223370327427685,0.994031357483836,0.0
34.933937913058024,95676.29595936746,321.2083501495494,8.92218287556664,7.992394255780713,0.000856569337462246,1.9945013377114482,1.0
64.0,33284.0,139.0,19.0,4.0,0.0,1.0,0.0
32.0,68136.0,445.0,17.0,5.0,0.0,1.0,0.0
78.0,51024.0,495.0,1.0,7.0,1.0,0.0,0.0
19.164427922859062,30266.60908992041,110.38763982710725,6.862528438892111,2.939882065354172,-0.0028477499851608306,2.02239113489198,0.0
55.832949323227034,98090.89003888614,329.8708530453896,5.009206988947476,6.036499881017725,0.986494022490986,1.0178854330217055,0.6189473684210526
65.0,59749.0,300.0,1.0,2.0,1.0,2.0,1.0
65.0,36748.0,45.0,15.0,9.0,0.0,2.0,1.0
18.0,57626.0,438.0,12.0,7.0,1.0,2.0,0.0
71.0,63919.0,47.0,8.0,3.0,1.0,2.0,1.0
58.0,24809.0,346.0,17.0,10.0,0.0,2.0,1.0
52.481741503145365,75545.18838726528,168.34233347149896,8.166488465402578,8.94441476617514,1.0172408823260577,0.024599291427716375,1.0
77.2891169200981,66716.9154422568,390.00861132060004,17.07673738891956,6.014692086187994,0.9910496952684013,1.9749818222096074,1.0
18.0,58971.67578947369,351.0,11.0,2.0,1.0,2.0,1.0
20.070830396417783,30694.959459553524,420.34408751073795,4.936288319896507,4.037614269128984,0.9974391061942961,2.0193310091186967,0.0
79.0,77799.0,227.0,5.0,4.0,0.0,1.0,1.0
28.0,70993.0,146.0,4.0,10.0,1.0,1.0,1.0
39.0,24158.0,137.0,12.0,7.0,0.0,1.0,0.0
26.496375846206586,60499.50771432429,445.7298679917649,8.980952552652676,5.4461034964428325,-0.01875890718984958,-0.0116774583413136,1.0
41.0,81886.0,273.0,12.0,2.0,0.0,2.0,1.0
79.0,27114.0,251.50315789473683,4.0,9.0,0.0,2.0,0.0
52.0,75069.0,76.0,10.193684210526316,1.0,1.0,1.0,1.0
49.707433509365224,52178.68495053431,93.4392197702686,2.986613673472817,3.038691424776213,0.002955202019958474,0.011664017242721552,1.0
75.02752957038875,54417.48843815994,216.45660735919637,17.123817416604144,6.972697697980307,0.0007201144901067767,0.008196924966867792,1.0
49.55986213608763,57539.32702372171,131.00134673955824,9.98051017005856,5.911364143090785,-0.003703773953249624,0.9883104275214747,1.0
33.11534646019585,27007.121584770277,371.33279459313417,0.9780121904876578,4.96908899281891,0.003936583792753508,2.0185324460523133,1.0
40.0,58971.67578947369,90.0,10.193684210526316,8.0,1.0,1.0,1.0
68.95448373570909,26725.50574842955,365.97593764542023,17.898808416505823,0.9664558313692314,1.0026392694359443,1.9950081506358313,1.0
59.91668239868228,30435.469223265773,14.909857882307229,13.982276403973275,3.8951578852211792,-0.01084767720574745,2.0091939372696688,1.0
35.68073455233194,37969.55951885554,75.33369265066914,15.024287908249903,4.9960358265531095,0.9907586013354917,1.9744654336338536,0.0
69.0,45470.0,113.0,18.0,7.0,0.0,2.0,1.0
66.97437700563675,58052.19663719611,361.4586435696544,11.006976637442436,8.864972133510193,0.9900453589664981,1.028990484217852,0.0
25.72695862960606,98518.59652591417,379.42743465168326,15.145351182007397,9.080197795870355,0.9909063748988425,1.9830836371014107,1.0
20.606338467694567,87009.99904888762,50.1422314107862,8.747531507798207,1.0216185274268046,0.9907490183379557,1.998457302843719,1.0
32.168389730787986,52198.579641206794,445.312591464319,10.951613200051966,9.921161003966313,0.004691020473914743,1.9802297404232287,1.0
59.0,25486.0,205.0,7.0,3.0,0.0,2.0,0.0
76.56434427616908,66598.5223931153,323.9368974242706,10.843293385460832,1.0661132157864814,0.9879722359492902,0.9644438627382026,0.0
20.59330270723128,29264.583281965115,409.7313482691891,17.01870224765102,2.027011600079198,0.01328464514873433,0.007224162135830999,0.0
70.0,23596.0,231.0,8.0,3.0,1.0,0.0,0.0
71.69500199757385,89386.63977811065,50.807559110288025,10.191164399118376,2.9802096304493984,0.9969806105238614,0.008625494317659993,0.0
35.83510444545613,25923.01384586837,107.60348242646751,5.881100675567514,9.91099563245086,0.004816960749683204,-0.0015468159417126792,0.0
38.0,25949.0,10.0,2.0,1.0,0.0,2.0,0.6189473684210526
63.0,24632.0,265.0,13.0,9.0,1.0,2.0,1.0
55.8294978743839,21280.72897910393,153.11083594111227,1.9977747384716835,4.047110926722061,0.9898646171738299,2.0052441451522367,1.0
49.74920203890742,34113.491249900675,222.5058515738148,6.145015995531308,4.979554554105601,0.9928233436780041,2.0012980473026363,1.0
55.767529190672136,58957.21667381107,249.39704167685767,13.052185623516365,9.92634568358835,0.9884939195689469,-0.01211131837728008,0.0
79.0,53591.0,469.0,8.0,6.0,0.0,1.0,1.0
70.0,90031.0,417.0,10.0,10.0,0.0,2.0,1.0
51.0,82292.0,356.0,4.0,6.0,0.0,0.0,1.0
34.0,38030.0,251.50315789473683,6.0,2.0,0.0,0.0,1.0
65.0,56208.0,113.0,7.0,6.0,1.0,0.0,1.0
20.0,31023.0,414.0,5.0,4.0,1.0,2.0,0.0
35.71787610316471,25125.056649306898,246.6869242215258,7.143138581886465,4.082343063160217,1.0174674678473568,2.0339139161701154,1.0
30.0,31130.0,331.0,8.0,10.0,0.0,1.0,1.0
73.0,45934.0,141.0,7.0,6.0,0.0,0.0,0.0
28.041748004519352,78001.52014139068,96.5424106821304,9.835022782383694,7.172184153350486,0.982243802687488,1.017533237422872,1.0
53.0,42415.0,480.0,12.0,5.425263157894737,0.0,1.0,0.0
49.75578947368421,68447.0,233.0,12.0,6.0,1.0,2.0,0.0
35.0,76397.0,157.0,7.0,5.425263157894737,0.0,1.0,0.0
66.04652075293487,89683.66773074458,309.3810992098272,13.057433532328433,2.9954864051279513,0.9980360272362356,2.0106796350489047,1.0
34.0,57892.0,395.0,10.193684210526316,7.0,0.0,0.0,0.0
72.28006430099676,39903.290151299196,450.2664403277102,4.987703948542391,2.013648015472689,-0.008947540906066859,2.0075312748893284,1.0
62.0,58971.67578947369,87.0,11.0,10.0,1.0,1.0,0.0
78.70798079553748,63040.839442210476,439.4993227737549,16.93669938449436,9.063125639258965,-0.00948013457743184,-0.011474398292031318,1.0
49.93298966623286,34893.85631839239,32.6820549661869,7.977617404780934,3.9696434545667576,1.0045822499955892,1.980254435027089,0.0
51.0,88385.0,245.0,15.0,2.0,1.0,2.0,1.0
49.0,64238.0,27.0,14.0,8.0,0.0,2.0,1.0
21.0,71293.0,274.0,15.0,5.0,0.0,1.0,1.0
66.0,25122.0,11.0,4.0,6.0,1.0,2.0,1.0
53.0,32763.0,294.0,6.0,2.0,0.0,2.0,0.0
39.0,59081.0,341.0,3.0,6.0,0.0,0.0,1.0
23.0,93688.0,204.0,12.0,10.0,1.0,0.0,1.0
43.0,24000.0,279.0,7.0,2.0,0.0,0.0,0.0
37.93155317880145,81993.37612745684,69.41144247984172,7.981204217913696,5.041016576608179,0.005985831542822574,1.0064257047157816,1.0
39.0,26655.0,45.0,12.0,3.0,1.0,1.0,1.0
47.12730965198019,43478.17882642246,168.34252795456277,3.036515791745078,5.099899771019162,1.003866720671628,2.0030589932828384,0.0
19.0,33500.0,187.0,3.0,1.0,0.0,2.0,1.0
32.0,29540.0,427.0,17.0,4.0,1.0,0.0,0.0
75.0,39087.0,223.0,11.0,4.0,1.0,0.0,0.0
65.18479642187697,70013.54665672757,219.95812280176,0.9860126382668144,8.943007683825938,0.994689731006019,-0.01905238745184151,1.0
47.0,25240.0,251.50315789473683,15.0,2.0,0.0,1.0,1.0
53.0,43289.0,382.0,15.0,8.0,1.0,0.0,0.0
